season,round,number,position,Q1,Q2,Q3,Driver_driverId,Driver_permanentNumber,Driver_code,Driver_givenName,Driver_familyName,Constructor_constructorId,Constructor_name
2020,1,77,1,1:04.111,1:03.015,1:02.939,bottas,77,BOT,Valtteri,Bottas,mercedes,Mercedes
2020,1,44,2,1:04.198,1:03.096,1:02.951,hamilton,44,HAM,Lewis,Hamilton,mercedes,Mercedes
2020,1,33,3,1:04.024,1:04.000,1:03.477,max_verstappen,33,VER,Max,Verstappen,red_bull,Red Bull
2020,1,4,4,1:04.606,1:03.819,1:03.626,norris,4,NOR,Lando,Norris,mclaren,McLaren
2020,1,23,5,1:04.661,1:03.746,1:03.868,albon,23,ALB,Alexander,Albon,red_bull,Red Bull
2020,1,11,6,1:04.543,1:03.860,1:03.868,perez,11,PER,Sergio,Pérez,racing_point,Racing Point
2020,1,16,7,1:04.500,1:04.041,1:03.923,leclerc,16,LEC,Charles,Leclerc,ferrari,Ferrari
2020,1,55,8,1:04.537,1:03.971,1:03.971,sainz,55,SAI,Carlos,Sainz,mclaren,McLaren
2020,1,18,9,1:04.309,1:03.955,1:04.029,stroll,18,STR,Lance,Stroll,racing_point,Racing Point
2020,1,3,10,1:04.556,1:04.023,1:04.239,ricciardo,3,RIC,Daniel,Ricciardo,renault,Renault
2020,1,5,11,1:04.554,1:04.206,,vettel,5,VET,Sebastian,Vettel,ferrari,Ferrari
2020,1,10,12,1:04.603,1:04.305,,gasly,10,GAS,Pierre,Gasly,alphatauri,AlphaTauri
2020,1,26,13,1:05.031,1:04.431,,kvyat,26,KVY,Daniil,Kvyat,alphatauri,AlphaTauri
2020,1,31,14,1:04.933,1:04.643,,ocon,31,OCO,Esteban,Ocon,renault,Renault
2020,1,8,15,1:05.094,1:04.691,,grosjean,8,GRO,Romain,Grosjean,haas,Haas F1 Team
2020,1,20,16,1:05.164,,,kevin_magnussen,20,MAG,Kevin,Magnussen,haas,Haas F1 Team
2020,1,63,17,1:05.167,,,russell,63,RUS,George,Russell,williams,Williams
2020,1,99,18,1:05.175,,,giovinazzi,99,GIO,Antonio,Giovinazzi,alfa,Alfa Romeo
2020,1,7,19,1:05.224,,,raikkonen,7,RAI,Kimi,Räikkönen,alfa,Alfa Romeo
2020,1,6,20,1:05.757,,,latifi,6,LAT,Nicholas,Latifi,williams,Williams
2020,10,44,1,1:32.983,1:32.835,1:31.304,hamilton,44,HAM,Lewis,Hamilton,mercedes,Mercedes
2020,10,33,2,1:33.630,1:33.157,1:31.867,max_verstappen,33,VER,Max,Verstappen,red_bull,Red Bull
2020,10,77,3,1:32.656,1:32.405,1:31.956,bottas,77,BOT,Valtteri,Bottas,mercedes,Mercedes
2020,10,11,4,1:33.704,1:33.038,1:32.317,perez,11,PER,Sergio,Pérez,racing_point,Racing Point
2020,10,3,5,1:33.650,1:32.218,1:32.364,ricciardo,3,RIC,Daniel,Ricciardo,renault,Renault
2020,10,55,6,1:33.967,1:32.757,1:32.550,sainz,55,SAI,Carlos,Sainz,mclaren,McLaren
2020,10,31,7,1:33.557,1:33.196,1:32.624,ocon,31,OCO,Esteban,Ocon,renault,Renault
2020,10,4,8,1:33.804,1:33.081,1:32.847,norris,4,NOR,Lando,Norris,mclaren,McLaren
2020,10,10,9,1:33.734,1:33.139,1:33.000,gasly,10,GAS,Pierre,Gasly,alphatauri,AlphaTauri
2020,10,23,10,1:33.919,1:33.153,1:33.008,albon,23,ALB,Alexander,Albon,red_bull,Red Bull
2020,10,16,11,1:34.071,1:33.239,,leclerc,16,LEC,Charles,Leclerc,ferrari,Ferrari
2020,10,26,12,1:33.511,1:33.249,,kvyat,26,KVY,Daniil,Kvyat,alphatauri,AlphaTauri
2020,10,18,13,1:33.852,1:33.364,,stroll,18,STR,Lance,Stroll,racing_point,Racing Point
2020,10,63,14,1:34.020,1:33.583,,russell,63,RUS,George,Russell,williams,Williams
2020,10,5,15,1:34.134,1:33.609,,vettel,5,VET,Sebastian,Vettel,ferrari,Ferrari
2020,10,8,16,1:34.592,,,grosjean,8,GRO,Romain,Grosjean,haas,Haas F1 Team
2020,10,99,17,1:34.594,,,giovinazzi,99,GIO,Antonio,Giovinazzi,alfa,Alfa Romeo
2020,10,20,18,1:34.681,,,kevin_magnussen,20,MAG,Kevin,Magnussen,haas,Haas F1 Team
2020,10,6,19,1:35.066,,,latifi,6,LAT,Nicholas,Latifi,williams,Williams
2020,10,7,20,1:35.267,,,raikkonen,7,RAI,Kimi,Räikkönen,alfa,Alfa Romeo
2020,11,77,1,1:26.573,1:25.971,1:25.269,bottas,77,BOT,Valtteri,Bottas,mercedes,Mercedes
2020,11,44,2,1:26.620,1:25.390,1:25.525,hamilton,44,HAM,Lewis,Hamilton,mercedes,Mercedes
2020,11,33,3,1:26.319,1:25.467,1:25.562,max_verstappen,33,VER,Max,Verstappen,red_bull,Red Bull
2020,11,16,4,1:26.857,1:26.240,1:26.035,leclerc,16,LEC,Charles,Leclerc,ferrari,Ferrari
2020,11,23,5,1:27.126,1:26.285,1:26.047,albon,23,ALB,Alexander,Albon,red_bull,Red Bull
2020,11,3,6,1:26.836,1:26.096,1:26.223,ricciardo,3,RIC,Daniel,Ricciardo,renault,Renault
2020,11,31,7,1:27.086,1:26.364,1:26.242,ocon,31,OCO,Esteban,Ocon,renault,Renault
2020,11,4,8,1:26.829,1:26.316,1:26.458,norris,4,NOR,Lando,Norris,mclaren,McLaren
2020,11,11,9,1:27.120,1:26.330,1:26.704,perez,11,PER,Sergio,Pérez,racing_point,Racing Point
2020,11,55,10,1:27.378,1:26.361,1:26.709,sainz,55,SAI,Carlos,Sainz,mclaren,McLaren
2020,11,5,11,1:27.107,1:26.738,,vettel,5,VET,Sebastian,Vettel,ferrari,Ferrari
2020,11,10,12,1:27.072,1:26.776,,gasly,10,GAS,Pierre,Gasly,alphatauri,AlphaTauri
2020,11,26,13,1:27.285,1:26.848,,kvyat,26,KVY,Daniil,Kvyat,alphatauri,AlphaTauri
2020,11,99,14,1:27.532,1:26.936,,giovinazzi,99,GIO,Antonio,Giovinazzi,alfa,Alfa Romeo
2020,11,20,15,1:27.231,1:27.125,,kevin_magnussen,20,MAG,Kevin,Magnussen,haas,Haas F1 Team
2020,11,8,16,1:27.552,,,grosjean,8,GRO,Romain,Grosjean,haas,Haas F1 Team
2020,11,63,17,1:27.564,,,russell,63,RUS,George,Russell,williams,Williams
2020,11,6,18,1:27.812,,,latifi,6,LAT,Nicholas,Latifi,williams,Williams
2020,11,7,19,1:27.817,,,raikkonen,7,RAI,Kimi,Räikkönen,alfa,Alfa Romeo
2020,11,27,20,1:28.021,,,hulkenberg,27,HUL,Nico,Hülkenberg,racing_point,Racing Point
2020,12,44,1,1:16.828,1:16.824,1:16.652,hamilton,44,HAM,Lewis,Hamilton,mercedes,Mercedes
2020,12,77,2,1:16.945,1:16.466,1:16.754,bottas,77,BOT,Valtteri,Bottas,mercedes,Mercedes
2020,12,33,3,1:16.879,1:17.038,1:16.904,max_verstappen,33,VER,Max,Verstappen,red_bull,Red Bull
2020,12,16,4,1:17.421,1:17.367,1:17.090,leclerc,16,LEC,Charles,Leclerc,ferrari,Ferrari
2020,12,11,5,1:17.370,1:17.129,1:17.223,perez,11,PER,Sergio,Pérez,racing_point,Racing Point
2020,12,23,6,1:17.435,1:17.411,1:17.437,albon,23,ALB,Alexander,Albon,red_bull,Red Bull
2020,12,55,7,1:17.627,1:17.183,1:17.520,sainz,55,SAI,Carlos,Sainz,mclaren,McLaren
2020,12,4,8,1:17.547,1:17.321,1:17.525,norris,4,NOR,Lando,Norris,mclaren,McLaren
2020,12,10,9,1:17.209,1:17.367,1:17.803,gasly,10,GAS,Pierre,Gasly,alphatauri,AlphaTauri
2020,12,3,10,1:17.621,1:17.481,,ricciardo,3,RIC,Daniel,Ricciardo,renault,Renault
2020,12,31,11,1:17.775,1:17.614,,ocon,31,OCO,Esteban,Ocon,renault,Renault
2020,12,18,12,1:17.667,1:17.626,,stroll,18,STR,Lance,Stroll,racing_point,Racing Point
2020,12,26,13,1:17.841,1:17.728,,kvyat,26,KVY,Daniil,Kvyat,alphatauri,AlphaTauri
2020,12,63,14,1:17.931,1:17.788,,russell,63,RUS,George,Russell,williams,Williams
2020,12,5,15,1:17.446,1:17.919,,vettel,5,VET,Sebastian,Vettel,ferrari,Ferrari
2020,12,7,16,1:18.201,,,raikkonen,7,RAI,Kimi,Räikkönen,alfa,Alfa Romeo
2020,12,99,17,1:18.323,,,giovinazzi,99,GIO,Antonio,Giovinazzi,alfa,Alfa Romeo
2020,12,8,18,1:18.364,,,grosjean,8,GRO,Romain,Grosjean,haas,Haas F1 Team
2020,12,20,19,1:18.508,,,kevin_magnussen,20,MAG,Kevin,Magnussen,haas,Haas F1 Team
2020,12,6,20,1:18.777,,,latifi,6,LAT,Nicholas,Latifi,williams,Williams
2020,13,33,1,1:14.221,1:14.585,1:13.609,bottas,77,BOT,Valtteri,Bottas,mercedes,Mercedes
2020,13,44,2,1:14.229,1:14.643,1:13.706,hamilton,44,HAM,Lewis,Hamilton,mercedes,Mercedes
2020,13,33,3,1:15.034,1:14.974,1:14.176,max_verstappen,33,VER,Max,Verstappen,red_bull,Red Bull
2020,13,10,4,1:15.183,1:14.681,1:14.502,gasly,10,GAS,Pierre,Gasly,alphatauri,AlphaTauri
2020,13,3,5,1:15.474,1:14.953,1:14.520,ricciardo,3,RIC,Daniel,Ricciardo,renault,Renault
2020,13,23,6,1:15.402,1:14.745,1:14.572,albon,23,ALB,Alexander,Albon,red_bull,Red Bull
2020,13,16,7,1:15.123,1:15.017,1:14.616,leclerc,16,LEC,Charles,Leclerc,ferrari,Ferrari
2020,13,26,8,1:15.412,1:15.022,1:14.696,kvyat,26,KVY,Daniil,Kvyat,alphatauri,AlphaTauri
2020,13,4,9,1:15.274,1:15.051,1:14.814,norris,4,NOR,Lando,Norris,mclaren,McLaren
2020,13,55,10,1:15.528,1:15.027,1:14.911,sainz,55,SAI,Carlos,Sainz,mclaren,McLaren
2020,13,11,11,1:15.407,1:15.061,,perez,11,PER,Sergio,Pérez,racing_point,Racing Point
2020,13,31,12,1:15.352,1:15.201,,ocon,31,OCO,Esteban,Ocon,renault,Renault
2020,13,63,13,1:15.760,1:15.323,,russell,63,RUS,George,Russell,williams,Williams
2020,13,5,14,1:15.571,1:15.385,,vettel,5,VET,Sebastian,Vettel,ferrari,Ferrari
2020,13,18,15,1:15.822,1:15.494,,stroll,18,STR,Lance,Stroll,racing_point,Racing Point
2020,13,8,16,1:15.918,,,grosjean,8,GRO,Romain,Grosjean,haas,Haas F1 Team
2020,13,20,17,1:15.939,,,kevin_magnussen,20,MAG,Kevin,Magnussen,haas,Haas F1 Team
2020,13,7,18,1:15.953,,,raikkonen,7,RAI,Kimi,Räikkönen,alfa,Alfa Romeo
2020,13,6,19,1:15.987,,,latifi,6,LAT,Nicholas,Latifi,williams,Williams
2020,13,99,20,1:16.208,,,giovinazzi,99,GIO,Antonio,Giovinazzi,alfa,Alfa Romeo
2020,14,18,1,2:07.467,1:53.372,1:47.765,stroll,18,STR,Lance,Stroll,racing_point,Racing Point
2020,14,33,2,1:57.485,1:50.293,1:48.055,max_verstappen,33,VER,Max,Verstappen,red_bull,Red Bull
2020,14,11,3,2:07.614,1:54.097,1:49.321,perez,11,PER,Sergio,Pérez,racing_point,Racing Point
2020,14,23,4,1:59.431,1:52.282,1:50.448,albon,23,ALB,Alexander,Albon,red_bull,Red Bull
2020,14,3,5,2:05.598,1:54.278,1:51.595,ricciardo,3,RIC,Daniel,Ricciardo,renault,Renault
2020,14,44,6,2:07.599,1:52.709,1:52.560,hamilton,44,HAM,Lewis,Hamilton,mercedes,Mercedes
2020,14,31,7,2:06.115,1:53.657,1:52.622,ocon,31,OCO,Esteban,Ocon,renault,Renault
2020,14,7,8,2:01.249,1:53.793,1:52.745,raikkonen,7,RAI,Kimi,Räikkönen,alfa,Alfa Romeo
2020,14,77,9,2:07.001,1:53.767,1:53.258,bottas,77,BOT,Valtteri,Bottas,mercedes,Mercedes
2020,14,99,10,2:07.341,1:53.431,1:57.226,giovinazzi,99,GIO,Antonio,Giovinazzi,alfa,Alfa Romeo
2020,14,4,11,2:07.167,1:54.945,,norris,4,NOR,Lando,Norris,mclaren,McLaren
2020,14,5,12,2:03.356,1:55.169,,vettel,5,VET,Sebastian,Vettel,ferrari,Ferrari
2020,14,55,13,2:07.489,1:55.410,,sainz,55,SAI,Carlos,Sainz,mclaren,McLaren
2020,14,16,14,2:04.464,1:56.696,,leclerc,16,LEC,Charles,Leclerc,ferrari,Ferrari
2020,14,10,15,2:05.579,1:58.556,,gasly,10,GAS,Pierre,Gasly,alphatauri,AlphaTauri
2020,14,20,16,2:08.007,,,kevin_magnussen,20,MAG,Kevin,Magnussen,haas,Haas F1 Team
2020,14,26,17,2:09.070,,,kvyat,26,KVY,Daniil,Kvyat,alphatauri,AlphaTauri
2020,14,63,18,2:10.017,,,russell,63,RUS,George,Russell,williams,Williams
2020,14,8,19,2:12.909,,,grosjean,8,GRO,Romain,Grosjean,haas,Haas F1 Team
2020,14,6,20,2:21.611,,,latifi,6,LAT,Nicholas,Latifi,williams,Williams
2020,15,44,1,1:28.343,1:27.586,1:27.264,hamilton,44,HAM,Lewis,Hamilton,mercedes,Mercedes
2020,15,77,2,1:28.767,1:28.063,1:27.553,bottas,77,BOT,Valtteri,Bottas,mercedes,Mercedes
2020,15,33,3,1:28.885,1:28.025,1:27.678,max_verstappen,33,VER,Max,Verstappen,red_bull,Red Bull
2020,15,23,4,1:28.732,1:28.749,1:28.274,albon,23,ALB,Alexander,Albon,red_bull,Red Bull
2020,15,11,5,1:29.178,1:28.894,1:28.322,perez,11,PER,Sergio,Pérez,racing_point,Racing Point
2020,15,3,6,1:29.005,1:28.648,1:28.417,ricciardo,3,RIC,Daniel,Ricciardo,renault,Renault
2020,15,31,7,1:29.203,1:28.937,1:28.419,ocon,31,OCO,Esteban,Ocon,renault,Renault
2020,15,10,8,1:28.971,1:29.008,1:28.448,gasly,10,GAS,Pierre,Gasly,alphatauri,AlphaTauri
2020,15,4,9,1:29.464,1:28.877,1:28.542,norris,4,NOR,Lando,Norris,mclaren,McLaren
2020,15,26,10,1:29.158,1:28.944,1:28.618,kvyat,26,KVY,Daniil,Kvyat,alphatauri,AlphaTauri
2020,15,5,11,1:29.142,1:29.149,,vettel,5,VET,Sebastian,Vettel,ferrari,Ferrari
2020,15,16,12,1:29.137,1:29.165,,leclerc,16,LEC,Charles,Leclerc,ferrari,Ferrari
2020,15,18,13,1:28.679,1:29.557,,stroll,18,STR,Lance,Stroll,racing_point,Racing Point
2020,15,63,14,1:29.294,1:31.218,,russell,63,RUS,George,Russell,williams,Williams
2020,15,55,15,1:28.975,,,sainz,55,SAI,Carlos,Sainz,mclaren,McLaren
2020,15,99,16,1:29.491,,,giovinazzi,99,GIO,Antonio,Giovinazzi,alfa,Alfa Romeo
2020,15,7,17,1:29.810,,,raikkonen,7,RAI,Kimi,Räikkönen,alfa,Alfa Romeo
2020,15,20,18,1:30.111,,,kevin_magnussen,20,MAG,Kevin,Magnussen,haas,Haas F1 Team
2020,15,8,19,1:30.138,,,grosjean,8,GRO,Romain,Grosjean,haas,Haas F1 Team
2020,15,6,20,1:30.182,,,latifi,6,LAT,Nicholas,Latifi,williams,Williams
2020,16,77,1,0:53.904,0:53.803,0:53.377,bottas,77,BOT,Valtteri,Bottas,mercedes,Mercedes
2020,16,63,2,0:54.160,0:53.819,0:53.403,russell,63,RUS,George,Russell,mercedes,Mercedes
2020,16,33,3,0:54.037,0:53.647,0:53.433,max_verstappen,33,VER,Max,Verstappen,red_bull,Red Bull
2020,16,16,4,0:54.249,0:53.825,0:53.613,leclerc,16,LEC,Charles,Leclerc,ferrari,Ferrari
2020,16,11,5,0:54.236,0:53.787,0:53.790,perez,11,PER,Sergio,Pérez,racing_point,Racing Point
2020,16,26,6,0:54.346,0:53.856,0:53.906,kvyat,26,KVY,Daniil,Kvyat,alphatauri,AlphaTauri
2020,16,3,7,0:54.388,0:53.871,0:53.957,ricciardo,3,RIC,Daniel,Ricciardo,renault,Renault
2020,16,55,8,0:54.450,0:53.818,0:54.010,sainz,55,SAI,Carlos,Sainz,mclaren,McLaren
2020,16,10,9,0:54.207,0:53.941,0:54.154,gasly,10,GAS,Pierre,Gasly,alphatauri,AlphaTauri
2020,16,18,10,0:54.595,0:53.840,0:54.200,stroll,18,STR,Lance,Stroll,racing_point,Racing Point
2020,16,31,11,0:54.309,0:53.995,,ocon,31,OCO,Esteban,Ocon,renault,Renault
2020,16,23,12,0:54.620,0:54.026,,albon,23,ALB,Alexander,Albon,red_bull,Red Bull
2020,16,5,13,0:54.301,0:54.175,,vettel,5,VET,Sebastian,Vettel,ferrari,Ferrari
2020,16,99,14,0:54.523,0:54.377,,giovinazzi,99,GIO,Antonio,Giovinazzi,alfa,Alfa Romeo
2020,16,4,15,0:54.194,0:54.693,,norris,4,NOR,Lando,Norris,mclaren,McLaren
2020,16,20,16,0:54.705,,,kevin_magnussen,20,MAG,Kevin,Magnussen,haas,Haas F1 Team
2020,16,6,17,0:54.796,,,latifi,6,LAT,Nicholas,Latifi,williams,Williams
2020,16,89,18,0:54.892,,,aitken,89,AIT,Jack,Aitken,williams,Williams
2020,16,7,19,0:54.963,,,raikkonen,7,RAI,Kimi,Räikkönen,alfa,Alfa Romeo
2020,16,51,20,0:55.426,,,pietro_fittipaldi,51,FIT,Pietro,Fittipaldi,haas,Haas F1 Team
2020,17,33,1,1:35.993,1:35.641,1:35.246,max_verstappen,33,VER,Max,Verstappen,red_bull,Red Bull
2020,17,77,2,1:35.699,1:35.527,1:35.271,bottas,77,BOT,Valtteri,Bottas,mercedes,Mercedes
2020,17,44,3,1:35.528,1:35.466,1:35.332,hamilton,44,HAM,Lewis,Hamilton,mercedes,Mercedes
2020,17,4,4,1:36.016,1:35.849,1:35.497,norris,4,NOR,Lando,Norris,mclaren,McLaren
2020,17,23,5,1:36.106,1:35.654,1:35.571,albon,23,ALB,Alexander,Albon,red_bull,Red Bull
2020,17,55,6,1:36.517,1:36.192,1:35.815,sainz,55,SAI,Carlos,Sainz,mclaren,McLaren
2020,17,26,7,1:36.459,1:36.214,1:35.963,kvyat,26,KVY,Daniil,Kvyat,alphatauri,AlphaTauri
2020,17,18,8,1:36.502,1:36.143,1:36.046,stroll,18,STR,Lance,Stroll,racing_point,Racing Point
2020,17,16,9,1:35.881,1:35.932,1:36.065,leclerc,16,LEC,Charles,Leclerc,ferrari,Ferrari
2020,17,10,10,1:36.545,1:36.282,1:36.242,gasly,10,GAS,Pierre,Gasly,alphatauri,AlphaTauri
2020,17,31,11,1:36.783,1:36.359,,ocon,31,OCO,Esteban,Ocon,renault,Renault
2020,17,3,12,1:36.704,1:36.406,,ricciardo,3,RIC,Daniel,Ricciardo,renault,Renault
2020,17,5,13,1:36.655,1:36.631,,vettel,5,VET,Sebastian,Vettel,ferrari,Ferrari
2020,17,99,14,1:37.075,1:38.248,,giovinazzi,99,GIO,Antonio,Giovinazzi,alfa,Alfa Romeo
2020,17,11,15,1:36.034,,,perez,11,PER,Sergio,Pérez,racing_point,Racing Point
2020,17,7,16,1:37.555,,,raikkonen,7,RAI,Kimi,Räikkönen,alfa,Alfa Romeo
2020,17,20,17,1:37.863,,,kevin_magnussen,20,MAG,Kevin,Magnussen,haas,Haas F1 Team
2020,17,63,18,1:38.045,,,russell,63,RUS,George,Russell,williams,Williams
2020,17,51,19,1:38.173,,,pietro_fittipaldi,51,FIT,Pietro,Fittipaldi,haas,Haas F1 Team
2020,17,6,20,1:38.443,,,latifi,6,LAT,Nicholas,Latifi,williams,Williams
2020,2,44,1,1:18.188,1:17.825,1:19.273,hamilton,44,HAM,Lewis,Hamilton,mercedes,Mercedes
2020,2,33,2,1:18.297,1:17.938,1:20.489,max_verstappen,33,VER,Max,Verstappen,red_bull,Red Bull
2020,2,55,3,1:18.590,1:18.836,1:20.671,sainz,55,SAI,Carlos,Sainz,mclaren,McLaren
2020,2,77,4,1:18.791,1:18.657,1:20.701,bottas,77,BOT,Valtteri,Bottas,mercedes,Mercedes
2020,2,31,5,1:19.687,1:18.764,1:20.922,ocon,31,OCO,Esteban,Ocon,renault,Renault
2020,2,4,6,1:18.504,1:18.448,1:20.925,norris,4,NOR,Lando,Norris,mclaren,McLaren
2020,2,23,7,1:20.882,1:19.014,1:21.011,albon,23,ALB,Alexander,Albon,red_bull,Red Bull
2020,2,10,8,1:20.192,1:18.744,1:21.028,gasly,10,GAS,Pierre,Gasly,alphatauri,AlphaTauri
2020,2,3,9,1:19.662,1:19.229,1:21.192,ricciardo,3,RIC,Daniel,Ricciardo,renault,Renault
2020,2,5,10,1:20.243,1:19.545,1:21.651,vettel,5,VET,Sebastian,Vettel,ferrari,Ferrari
2020,2,16,11,1:20.871,1:19.628,,leclerc,16,LEC,Charles,Leclerc,ferrari,Ferrari
2020,2,63,12,1:20.382,1:19.636,,russell,63,RUS,George,Russell,williams,Williams
2020,2,18,13,1:19.697,1:19.645,,stroll,18,STR,Lance,Stroll,racing_point,Racing Point
2020,2,26,14,1:19.824,1:19.717,,kvyat,26,KVY,Daniil,Kvyat,alphatauri,AlphaTauri
2020,2,20,15,1:21.140,1:20.211,,kevin_magnussen,20,MAG,Kevin,Magnussen,haas,Haas F1 Team
2020,2,7,16,1:21.140,,,raikkonen,7,RAI,Kimi,Räikkönen,alfa,Alfa Romeo
2020,2,11,17,1:21.607,,,perez,11,PER,Sergio,Pérez,racing_point,Racing Point
2020,2,6,18,1:21.759,,,latifi,6,LAT,Nicholas,Latifi,williams,Williams
2020,2,99,19,1:21.831,,,giovinazzi,99,GIO,Antonio,Giovinazzi,alfa,Alfa Romeo
2020,2,8,20,,,,grosjean,8,GRO,Romain,Grosjean,haas,Haas F1 Team
2020,3,44,1,1:14.907,1:14.261,1:13.447,hamilton,44,HAM,Lewis,Hamilton,mercedes,Mercedes
2020,3,77,2,1:15.474,1:14.530,1:13.554,bottas,77,BOT,Valtteri,Bottas,mercedes,Mercedes
2020,3,18,3,1:14.895,1:15.176,1:14.377,stroll,18,STR,Lance,Stroll,racing_point,Racing Point
2020,3,11,4,1:14.681,1:15.394,1:14.545,perez,11,PER,Sergio,Pérez,racing_point,Racing Point
2020,3,5,5,1:15.455,1:15.131,1:14.774,vettel,5,VET,Sebastian,Vettel,ferrari,Ferrari
2020,3,16,6,1:15.793,1:15.006,1:14.817,leclerc,16,LEC,Charles,Leclerc,ferrari,Ferrari
2020,3,33,7,1:15.495,1:14.976,1:14.849,max_verstappen,33,VER,Max,Verstappen,red_bull,Red Bull
2020,3,4,8,1:15.444,1:15.085,1:14.966,norris,4,NOR,Lando,Norris,mclaren,McLaren
2020,3,55,9,1:15.281,1:15.267,1:15.027,sainz,55,SAI,Carlos,Sainz,mclaren,McLaren
2020,3,10,10,1:15.767,1:15.508,,gasly,10,GAS,Pierre,Gasly,alphatauri,AlphaTauri
2020,3,3,11,1:15.848,1:15.661,,ricciardo,3,RIC,Daniel,Ricciardo,renault,Renault
2020,3,63,12,1:15.585,1:15.698,,russell,63,RUS,George,Russell,williams,Williams
2020,3,23,13,1:15.722,1:15.715,,albon,23,ALB,Alexander,Albon,red_bull,Red Bull
2020,3,31,14,1:15.719,1:15.742,,ocon,31,OCO,Esteban,Ocon,renault,Renault
2020,3,6,15,1:16.105,1:16.544,,latifi,6,LAT,Nicholas,Latifi,williams,Williams
2020,3,20,16,1:16.152,,,kevin_magnussen,20,MAG,Kevin,Magnussen,haas,Haas F1 Team
2020,3,26,17,1:16.204,,,kvyat,26,KVY,Daniil,Kvyat,alphatauri,AlphaTauri
2020,3,8,18,1:16.407,,,grosjean,8,GRO,Romain,Grosjean,haas,Haas F1 Team
2020,3,99,19,1:16.506,,,giovinazzi,99,GIO,Antonio,Giovinazzi,alfa,Alfa Romeo
2020,3,7,20,1:16.614,,,raikkonen,7,RAI,Kimi,Räikkönen,alfa,Alfa Romeo
2020,4,44,1,1:25.900,1:25.347,1:24.303,hamilton,44,HAM,Lewis,Hamilton,mercedes,Mercedes
2020,4,77,2,1:25.801,1:25.015,1:24.616,bottas,77,BOT,Valtteri,Bottas,mercedes,Mercedes
2020,4,33,3,1:26.115,1:26.144,1:25.325,max_verstappen,33,VER,Max,Verstappen,red_bull,Red Bull
2020,4,16,4,1:26.550,1:26.203,1:25.427,leclerc,16,LEC,Charles,Leclerc,ferrari,Ferrari
2020,4,4,5,1:26.855,1:26.420,1:25.782,norris,4,NOR,Lando,Norris,mclaren,McLaren
2020,4,18,6,1:26.243,1:26.501,1:25.839,stroll,18,STR,Lance,Stroll,racing_point,Racing Point
2020,4,55,7,1:26.715,1:26.149,1:25.965,sainz,55,SAI,Carlos,Sainz,mclaren,McLaren
2020,4,3,8,1:26.677,1:26.339,1:26.009,ricciardo,3,RIC,Daniel,Ricciardo,renault,Renault
2020,4,31,9,1:26.396,1:26.252,1:26.209,ocon,31,OCO,Esteban,Ocon,renault,Renault
2020,4,5,10,1:26.469,1:26.455,1:26.339,vettel,5,VET,Sebastian,Vettel,ferrari,Ferrari
2020,4,10,11,1:26.343,1:26.501,,gasly,10,GAS,Pierre,Gasly,alphatauri,AlphaTauri
2020,4,23,12,1:26.565,1:26.545,,albon,23,ALB,Alexander,Albon,red_bull,Red Bull
2020,4,27,13,1:26.327,1:26.566,,hulkenberg,27,HUL,Nico,Hülkenberg,racing_point,Racing Point
2020,4,26,14,1:26.774,1:26.744,,kvyat,26,KVY,Daniil,Kvyat,alphatauri,AlphaTauri
2020,4,63,15,1:26.732,1:27.092,,russell,63,RUS,George,Russell,williams,Williams
2020,4,20,16,1:27.158,,,kevin_magnussen,20,MAG,Kevin,Magnussen,haas,Haas F1 Team
2020,4,99,17,1:27.164,,,giovinazzi,99,GIO,Antonio,Giovinazzi,alfa,Alfa Romeo
2020,4,7,18,1:27.366,,,raikkonen,7,RAI,Kimi,Räikkönen,alfa,Alfa Romeo
2020,4,8,19,1:27.643,,,grosjean,8,GRO,Romain,Grosjean,haas,Haas F1 Team
2020,4,6,20,1:27.705,,,latifi,6,LAT,Nicholas,Latifi,williams,Williams
2020,5,77,1,1:26.738,1:25.785,1:25.154,bottas,77,BOT,Valtteri,Bottas,mercedes,Mercedes
2020,5,44,2,1:26.818,1:26.266,1:25.217,hamilton,44,HAM,Lewis,Hamilton,mercedes,Mercedes
2020,5,27,3,1:27.279,1:26.261,1:26.082,hulkenberg,27,HUL,Nico,Hülkenberg,racing_point,Racing Point
2020,5,33,4,1:27.154,1:26.779,1:26.176,max_verstappen,33,VER,Max,Verstappen,red_bull,Red Bull
2020,5,3,5,1:27.442,1:26.636,1:26.297,ricciardo,3,RIC,Daniel,Ricciardo,renault,Renault
2020,5,18,6,1:27.187,1:26.674,1:26.428,stroll,18,STR,Lance,Stroll,racing_point,Racing Point
2020,5,10,7,1:27.154,1:26.523,1:26.534,gasly,10,GAS,Pierre,Gasly,alphatauri,AlphaTauri
2020,5,16,8,1:27.427,1:26.709,1:26.614,leclerc,16,LEC,Charles,Leclerc,ferrari,Ferrari
2020,5,23,9,1:27.153,1:26.642,1:26.669,albon,23,ALB,Alexander,Albon,red_bull,Red Bull
2020,5,4,10,1:27.217,1:26.885,1:26.778,norris,4,NOR,Lando,Norris,mclaren,McLaren
2020,5,31,11,1:27.278,1:27.011,,ocon,31,OCO,Esteban,Ocon,renault,Renault
2020,5,5,12,1:27.612,1:27.078,,vettel,5,VET,Sebastian,Vettel,ferrari,Ferrari
2020,5,55,13,1:27.450,1:27.083,,sainz,55,SAI,Carlos,Sainz,mclaren,McLaren
2020,5,8,14,1:27.519,1:27.254,,grosjean,8,GRO,Romain,Grosjean,haas,Haas F1 Team
2020,5,63,15,1:27.757,1:27.455,,russell,63,RUS,George,Russell,williams,Williams
2020,5,26,16,1:27.882,,,kvyat,26,KVY,Daniil,Kvyat,alphatauri,AlphaTauri
2020,5,20,17,1:28.236,,,kevin_magnussen,20,MAG,Kevin,Magnussen,haas,Haas F1 Team
2020,5,6,18,1:28.430,,,latifi,6,LAT,Nicholas,Latifi,williams,Williams
2020,5,99,19,1:28.433,,,giovinazzi,99,GIO,Antonio,Giovinazzi,alfa,Alfa Romeo
2020,5,7,20,1:28.493,,,raikkonen,7,RAI,Kimi,Räikkönen,alfa,Alfa Romeo
2020,6,44,1,1:16.872,1:16.013,1:15.584,hamilton,44,HAM,Lewis,Hamilton,mercedes,Mercedes
2020,6,77,2,1:17.243,1:16.152,1:15.643,bottas,77,BOT,Valtteri,Bottas,mercedes,Mercedes
2020,6,33,3,1:17.213,1:16.518,1:16.292,max_verstappen,33,VER,Max,Verstappen,red_bull,Red Bull
2020,6,11,4,1:17.117,1:16.936,1:16.482,perez,11,PER,Sergio,Pérez,racing_point,Racing Point
2020,6,18,5,1:17.316,1:16.666,1:16.589,stroll,18,STR,Lance,Stroll,racing_point,Racing Point
2020,6,23,6,1:17.419,1:17.163,1:17.029,albon,23,ALB,Alexander,Albon,red_bull,Red Bull
2020,6,55,7,1:17.438,1:16.876,1:17.044,sainz,55,SAI,Carlos,Sainz,mclaren,McLaren
2020,6,4,8,1:17.577,1:17.166,1:17.084,norris,4,NOR,Lando,Norris,mclaren,McLaren
2020,6,16,9,1:17.256,1:16.953,1:17.087,leclerc,16,LEC,Charles,Leclerc,ferrari,Ferrari
2020,6,10,10,1:17.356,1:16.800,1:17.136,gasly,10,GAS,Pierre,Gasly,alphatauri,AlphaTauri
2020,6,5,11,1:17.573,1:17.168,,vettel,5,VET,Sebastian,Vettel,ferrari,Ferrari
2020,6,26,12,1:17.676,1:17.192,,kvyat,26,KVY,Daniil,Kvyat,alphatauri,AlphaTauri
2020,6,3,13,1:17.667,1:17.198,,ricciardo,3,RIC,Daniel,Ricciardo,renault,Renault
2020,6,7,14,1:17.797,1:17.386,,raikkonen,7,RAI,Kimi,Räikkönen,alfa,Alfa Romeo
2020,6,31,15,1:17.765,1:17.567,,ocon,31,OCO,Esteban,Ocon,renault,Renault
2020,6,20,16,1:17.908,,,kevin_magnussen,20,MAG,Kevin,Magnussen,haas,Haas F1 Team
2020,6,8,17,1:18.089,,,grosjean,8,GRO,Romain,Grosjean,haas,Haas F1 Team
2020,6,63,18,1:18.099,,,russell,63,RUS,George,Russell,williams,Williams
2020,6,6,19,1:18.532,,,latifi,6,LAT,Nicholas,Latifi,williams,Williams
2020,6,99,20,1:18.697,,,giovinazzi,99,GIO,Antonio,Giovinazzi,alfa,Alfa Romeo
2020,7,44,1,1:42.323,1:42.014,1:41.252,hamilton,44,HAM,Lewis,Hamilton,mercedes,Mercedes
2020,7,77,2,1:42.534,1:42.126,1:41.763,bottas,77,BOT,Valtteri,Bottas,mercedes,Mercedes
2020,7,33,3,1:43.197,1:42.473,1:41.778,max_verstappen,33,VER,Max,Verstappen,red_bull,Red Bull
2020,7,3,4,1:43.309,1:42.487,1:42.061,ricciardo,3,RIC,Daniel,Ricciardo,renault,Renault
2020,7,23,5,1:43.418,1:42.193,1:42.264,albon,23,ALB,Alexander,Albon,red_bull,Red Bull
2020,7,31,6,1:43.505,1:42.534,1:42.396,ocon,31,OCO,Esteban,Ocon,renault,Renault
2020,7,55,7,1:43.322,1:42.478,1:42.438,sainz,55,SAI,Carlos,Sainz,mclaren,McLaren
2020,7,11,8,1:43.349,1:42.670,1:42.532,perez,11,PER,Sergio,Pérez,racing_point,Racing Point
2020,7,18,9,1:43.265,1:42.491,1:42.603,stroll,18,STR,Lance,Stroll,racing_point,Racing Point
2020,7,4,10,1:43.514,1:42.722,1:42.657,norris,4,NOR,Lando,Norris,mclaren,McLaren
2020,7,26,11,1:43.267,1:42.730,,kvyat,26,KVY,Daniil,Kvyat,alphatauri,AlphaTauri
2020,7,10,12,1:43.262,1:42.745,,gasly,10,GAS,Pierre,Gasly,alphatauri,AlphaTauri
2020,7,16,13,1:43.656,1:42.996,,leclerc,16,LEC,Charles,Leclerc,ferrari,Ferrari
2020,7,5,14,1:43.567,1:43.261,,vettel,5,VET,Sebastian,Vettel,ferrari,Ferrari
2020,7,63,15,1:43.630,1:43.468,,russell,63,RUS,George,Russell,williams,Williams
2020,7,7,16,1:43.743,,,raikkonen,7,RAI,Kimi,Räikkönen,alfa,Alfa Romeo
2020,7,8,17,1:43.838,,,grosjean,8,GRO,Romain,Grosjean,haas,Haas F1 Team
2020,7,99,18,1:43.950,,,giovinazzi,99,GIO,Antonio,Giovinazzi,alfa,Alfa Romeo
2020,7,6,19,1:44.138,,,latifi,6,LAT,Nicholas,Latifi,williams,Williams
2020,7,20,20,1:44.314,,,kevin_magnussen,20,MAG,Kevin,Magnussen,haas,Haas F1 Team
2020,8,44,1,1:19.514,1:19.092,1:18.887,hamilton,44,HAM,Lewis,Hamilton,mercedes,Mercedes
2020,8,77,2,1:19.786,1:18.952,1:18.956,bottas,77,BOT,Valtteri,Bottas,mercedes,Mercedes
2020,8,55,3,1:20.099,1:19.705,1:19.695,sainz,55,SAI,Carlos,Sainz,mclaren,McLaren
2020,8,11,4,1:20.048,1:19.718,1:19.720,perez,11,PER,Sergio,Pérez,racing_point,Racing Point
2020,8,33,5,1:20.193,1:19.780,1:19.795,max_verstappen,33,VER,Max,Verstappen,red_bull,Red Bull
2020,8,4,6,1:20.344,1:19.962,1:19.820,norris,4,NOR,Lando,Norris,mclaren,McLaren
2020,8,3,7,1:20.548,1:20.031,1:19.864,ricciardo,3,RIC,Daniel,Ricciardo,renault,Renault
2020,8,18,8,1:20.400,1:19.924,1:20.049,stroll,18,STR,Lance,Stroll,racing_point,Racing Point
2020,8,23,9,1:21.104,1:20.064,1:20.090,albon,23,ALB,Alexander,Albon,red_bull,Red Bull
2020,8,10,10,1:20.145,1:19.909,1:20.177,gasly,10,GAS,Pierre,Gasly,alphatauri,AlphaTauri
2020,8,26,11,1:20.307,1:20.169,,kvyat,26,KVY,Daniil,Kvyat,alphatauri,AlphaTauri
2020,8,31,12,1:20.747,1:20.234,,ocon,31,OCO,Esteban,Ocon,renault,Renault
2020,8,16,13,1:20.443,1:20.273,,leclerc,16,LEC,Charles,Leclerc,ferrari,Ferrari
2020,8,7,14,1:21.010,1:20.926,,raikkonen,7,RAI,Kimi,Räikkönen,alfa,Alfa Romeo
2020,8,20,15,1:20.869,1:21.573,,kevin_magnussen,20,MAG,Kevin,Magnussen,haas,Haas F1 Team
2020,8,8,16,1:21.139,,,grosjean,8,GRO,Romain,Grosjean,haas,Haas F1 Team
2020,8,5,17,1:21.151,,,vettel,5,VET,Sebastian,Vettel,ferrari,Ferrari
2020,8,99,18,1:21.206,,,giovinazzi,99,GIO,Antonio,Giovinazzi,alfa,Alfa Romeo
2020,8,63,19,1:21.587,,,russell,63,RUS,George,Russell,williams,Williams
2020,8,6,20,1:21.717,,,latifi,6,LAT,Nicholas,Latifi,williams,Williams
2020,9,44,1,1:15.778,1:15.309,1:15.144,hamilton,44,HAM,Lewis,Hamilton,mercedes,Mercedes
2020,9,77,2,1:15.749,1:15.322,1:15.203,bottas,77,BOT,Valtteri,Bottas,mercedes,Mercedes
2020,9,33,3,1:16.335,1:15.471,1:15.509,max_verstappen,33,VER,Max,Verstappen,red_bull,Red Bull
2020,9,23,4,1:16.527,1:15.914,1:15.954,albon,23,ALB,Alexander,Albon,red_bull,Red Bull
2020,9,16,5,1:16.698,1:16.324,1:16.270,leclerc,16,LEC,Charles,Leclerc,ferrari,Ferrari
2020,9,11,6,1:16.596,1:16.489,1:16.311,perez,11,PER,Sergio,Pérez,racing_point,Racing Point
2020,9,18,7,1:16.701,1:16.271,1:16.356,stroll,18,STR,Lance,Stroll,racing_point,Racing Point
2020,9,3,8,1:16.981,1:16.243,1:16.543,ricciardo,3,RIC,Daniel,Ricciardo,renault,Renault
2020,9,55,9,1:16.993,1:16.522,1:17.870,sainz,55,SAI,Carlos,Sainz,mclaren,McLaren
2020,9,31,10,1:16.825,1:16.297,,ocon,31,OCO,Esteban,Ocon,renault,Renault
2020,9,4,11,1:16.895,1:16.640,,norris,4,NOR,Lando,Norris,mclaren,McLaren
2020,9,26,12,1:16.928,1:16.854,,kvyat,26,KVY,Daniil,Kvyat,alphatauri,AlphaTauri
2020,9,7,13,1:17.059,1:16.854,,raikkonen,7,RAI,Kimi,Räikkönen,alfa,Alfa Romeo
2020,9,5,14,1:17.072,1:16.858,,vettel,5,VET,Sebastian,Vettel,ferrari,Ferrari
2020,9,8,15,1:17.069,1:17.254,,grosjean,8,GRO,Romain,Grosjean,haas,Haas F1 Team
2020,9,10,16,1:17.125,,,gasly,10,GAS,Pierre,Gasly,alphatauri,AlphaTauri
2020,9,99,17,1:17.220,,,giovinazzi,99,GIO,Antonio,Giovinazzi,alfa,Alfa Romeo
2020,9,63,18,1:17.232,,,russell,63,RUS,George,Russell,williams,Williams
2020,9,6,19,1:17.320,,,latifi,6,LAT,Nicholas,Latifi,williams,Williams
2020,9,20,20,1:17.348,,,kevin_magnussen,20,MAG,Kevin,Magnussen,haas,Haas F1 Team
2021,1,33,1,1:30.499,1:30.318,1:28.997,max_verstappen,33,VER,Max,Verstappen,red_bull,Red Bull
2021,1,44,2,1:30.617,1:30.085,1:29.385,hamilton,44,HAM,Lewis,Hamilton,mercedes,Mercedes
2021,1,77,3,1:31.200,1:30.186,1:29.586,bottas,77,BOT,Valtteri,Bottas,mercedes,Mercedes
2021,1,16,4,1:30.691,1:30.010,1:29.678,leclerc,16,LEC,Charles,Leclerc,ferrari,Ferrari
2021,1,10,5,1:30.848,1:30.513,1:29.809,gasly,10,GAS,Pierre,Gasly,alphatauri,AlphaTauri
2021,1,3,6,1:30.795,1:30.222,1:29.927,ricciardo,3,RIC,Daniel,Ricciardo,mclaren,McLaren
2021,1,4,7,1:30.902,1:30.099,1:29.974,norris,4,NOR,Lando,Norris,mclaren,McLaren
2021,1,55,8,1:31.653,1:30.009,1:30.215,sainz,55,SAI,Carlos,Sainz,ferrari,Ferrari
2021,1,14,9,1:30.863,1:30.595,1:30.249,alonso,14,ALO,Fernando,Alonso,alpine,Alpine F1 Team
2021,1,18,10,1:31.261,1:30.624,1:30.601,stroll,18,STR,Lance,Stroll,aston_martin,Aston Martin
2021,1,11,11,1:31.165,1:30.659,,perez,11,PER,Sergio,Pérez,red_bull,Red Bull
2021,1,99,12,1:30.998,1:30.708,,giovinazzi,99,GIO,Antonio,Giovinazzi,alfa,Alfa Romeo
2021,1,22,13,1:30.607,1:31.203,,tsunoda,22,TSU,Yuki,Tsunoda,alphatauri,AlphaTauri
2021,1,7,14,1:31.547,1:31.238,,raikkonen,7,RAI,Kimi,Räikkönen,alfa,Alfa Romeo
2021,1,63,15,1:31.316,1:33.430,,russell,63,RUS,George,Russell,williams,Williams
2021,1,31,16,1:31.724,,,ocon,31,OCO,Esteban,Ocon,alpine,Alpine F1 Team
2021,1,6,17,1:31.936,,,latifi,6,LAT,Nicholas,Latifi,williams,Williams
2021,1,5,18,1:32.056,,,vettel,5,VET,Sebastian,Vettel,aston_martin,Aston Martin
2021,1,47,19,1:32.449,,,mick_schumacher,47,MSC,Mick,Schumacher,haas,Haas F1 Team
2021,1,9,20,1:33.273,,,mazepin,9,MAZ,Nikita,Mazepin,haas,Haas F1 Team
2021,10,44,1,1:26.786,1:26.023,1:26.134,hamilton,44,HAM,Lewis,Hamilton,mercedes,Mercedes
2021,10,33,2,1:26.751,1:26.315,1:26.209,max_verstappen,33,VER,Max,Verstappen,red_bull,Red Bull
2021,10,77,3,1:27.487,1:26.764,1:26.328,bottas,77,BOT,Valtteri,Bottas,mercedes,Mercedes
2021,10,16,4,1:27.051,1:26.919,1:26.828,leclerc,16,LEC,Charles,Leclerc,ferrari,Ferrari
2021,10,11,5,1:27.121,1:27.073,1:26.844,perez,11,PER,Sergio,Pérez,red_bull,Red Bull
2021,10,4,6,1:27.444,1:27.220,1:26.897,norris,4,NOR,Lando,Norris,mclaren,McLaren
2021,10,3,7,1:27.323,1:27.125,1:26.899,ricciardo,3,RIC,Daniel,Ricciardo,mclaren,McLaren
2021,10,63,8,1:27.671,1:27.080,1:26.971,russell,63,RUS,George,Russell,williams,Williams
2021,10,55,9,1:27.337,1:26.848,1:27.007,sainz,55,SAI,Carlos,Sainz,ferrari,Ferrari
2021,10,5,10,1:27.493,1:27.103,1:27.179,vettel,5,VET,Sebastian,Vettel,aston_martin,Aston Martin
2021,10,14,11,1:27.580,1:27.245,,alonso,14,ALO,Fernando,Alonso,alpine,Alpine F1 Team
2021,10,10,12,1:27.600,1:27.273,,gasly,10,GAS,Pierre,Gasly,alphatauri,AlphaTauri
2021,10,31,13,1:27.415,1:27.340,,ocon,31,OCO,Esteban,Ocon,alpine,Alpine F1 Team
2021,10,99,14,1:27.595,1:27.617,,giovinazzi,99,GIO,Antonio,Giovinazzi,alfa,Alfa Romeo
2021,10,18,15,1:28.017,1:27.665,,stroll,18,STR,Lance,Stroll,aston_martin,Aston Martin
2021,10,22,16,1:28.043,,,tsunoda,22,TSU,Yuki,Tsunoda,alphatauri,AlphaTauri
2021,10,7,17,1:28.062,,,raikkonen,7,RAI,Kimi,Räikkönen,alfa,Alfa Romeo
2021,10,6,18,1:28.254,,,latifi,6,LAT,Nicholas,Latifi,williams,Williams
2021,10,47,19,1:28.738,,,mick_schumacher,47,MSC,Mick,Schumacher,haas,Haas F1 Team
2021,10,9,20,1:29.051,,,mazepin,9,MAZ,Nikita,Mazepin,haas,Haas F1 Team
2021,11,44,1,1:16.424,1:16.553,1:15.419,hamilton,44,HAM,Lewis,Hamilton,mercedes,Mercedes
2021,11,77,2,1:16.569,1:16.702,1:15.734,bottas,77,BOT,Valtteri,Bottas,mercedes,Mercedes
2021,11,33,3,1:16.214,1:15.650,1:15.840,max_verstappen,33,VER,Max,Verstappen,red_bull,Red Bull
2021,11,11,4,1:17.233,1:16.443,1:16.421,perez,11,PER,Sergio,Pérez,red_bull,Red Bull
2021,11,10,5,1:16.874,1:16.394,1:16.483,gasly,10,GAS,Pierre,Gasly,alphatauri,AlphaTauri
2021,11,4,6,1:17.081,1:16.385,1:16.489,norris,4,NOR,Lando,Norris,mclaren,McLaren
2021,11,16,7,1:17.084,1:16.574,1:16.496,leclerc,16,LEC,Charles,Leclerc,ferrari,Ferrari
2021,11,31,8,1:17.367,1:16.766,1:16.653,ocon,31,OCO,Esteban,Ocon,alpine,Alpine F1 Team
2021,11,14,9,1:17.123,1:16.541,1:16.715,alonso,14,ALO,Fernando,Alonso,alpine,Alpine F1 Team
2021,11,5,10,1:17.105,1:16.794,1:16.750,vettel,5,VET,Sebastian,Vettel,aston_martin,Aston Martin
2021,11,3,11,1:17.664,1:16.871,,ricciardo,3,RIC,Daniel,Ricciardo,mclaren,McLaren
2021,11,18,12,1:17.038,1:16.893,,stroll,18,STR,Lance,Stroll,aston_martin,Aston Martin
2021,11,7,13,1:17.553,1:17.564,,raikkonen,7,RAI,Kimi,Räikkönen,alfa,Alfa Romeo
2021,11,99,14,1:17.776,1:17.583,,giovinazzi,99,GIO,Antonio,Giovinazzi,alfa,Alfa Romeo
2021,11,55,15,1:16.649,,,sainz,55,SAI,Carlos,Sainz,ferrari,Ferrari
2021,11,22,16,1:17.919,,,tsunoda,22,TSU,Yuki,Tsunoda,alphatauri,AlphaTauri
2021,11,63,17,1:17.944,,,russell,63,RUS,George,Russell,williams,Williams
2021,11,6,18,1:18.036,,,latifi,6,LAT,Nicholas,Latifi,williams,Williams
2021,11,9,19,1:18.922,,,mazepin,9,MAZ,Nikita,Mazepin,haas,Haas F1 Team
2021,11,47,20,,,,mick_schumacher,47,MSC,Mick,Schumacher,haas,Haas F1 Team
2021,12,33,1,1:58.717,1:56.559,1:59.765,max_verstappen,33,VER,Max,Verstappen,red_bull,Red Bull
2021,12,63,2,1:59.864,1:56.950,2:00.086,russell,63,RUS,George,Russell,williams,Williams
2021,12,44,3,1:59.218,1:56.229,2:00.099,hamilton,44,HAM,Lewis,Hamilton,mercedes,Mercedes
2021,12,3,4,2:01.583,1:57.127,2:00.864,ricciardo,3,RIC,Daniel,Ricciardo,mclaren,McLaren
2021,12,5,5,2:00.175,1:56.814,2:00.935,vettel,5,VET,Sebastian,Vettel,aston_martin,Aston Martin
2021,12,10,6,2:00.387,1:56.440,2:01.164,gasly,10,GAS,Pierre,Gasly,alphatauri,AlphaTauri
2021,12,11,7,1:59.334,1:56.886,2:02.112,perez,11,PER,Sergio,Pérez,red_bull,Red Bull
2021,12,77,8,1:59.870,1:56.295,2:02.502,bottas,77,BOT,Valtteri,Bottas,mercedes,Mercedes
2021,12,31,9,2:01.824,1:57.354,2:03.513,ocon,31,OCO,Esteban,Ocon,alpine,Alpine F1 Team
2021,12,4,10,1:58.301,1:56.025,,norris,4,NOR,Lando,Norris,mclaren,McLaren
2021,12,16,11,2:00.728,1:57.721,,leclerc,16,LEC,Charles,Leclerc,ferrari,Ferrari
2021,12,6,12,2:00.966,1:58.056,,latifi,6,LAT,Nicholas,Latifi,williams,Williams
2021,12,55,13,2:01.184,1:58.137,,sainz,55,SAI,Carlos,Sainz,ferrari,Ferrari
2021,12,14,14,2:01.653,1:58.205,,alonso,14,ALO,Fernando,Alonso,alpine,Alpine F1 Team
2021,12,18,15,2:01.597,1:58.231,,stroll,18,STR,Lance,Stroll,aston_martin,Aston Martin
2021,12,99,16,2:02.306,,,giovinazzi,99,GIO,Antonio,Giovinazzi,alfa,Alfa Romeo
2021,12,22,17,2:02.413,,,tsunoda,22,TSU,Yuki,Tsunoda,alphatauri,AlphaTauri
2021,12,47,18,2:03.973,,,mick_schumacher,47,MSC,Mick,Schumacher,haas,Haas F1 Team
2021,12,7,19,2:04.452,,,raikkonen,7,RAI,Kimi,Räikkönen,alfa,Alfa Romeo
2021,12,9,20,2:04.939,,,mazepin,9,MAZ,Nikita,Mazepin,haas,Haas F1 Team
2021,13,33,1,1:10.036,1:09.071,1:08.885,max_verstappen,33,VER,Max,Verstappen,red_bull,Red Bull
2021,13,44,2,1:10.114,1:09.726,1:08.923,hamilton,44,HAM,Lewis,Hamilton,mercedes,Mercedes
2021,13,77,3,1:10.219,1:09.769,1:09.222,bottas,77,BOT,Valtteri,Bottas,mercedes,Mercedes
2021,13,10,4,1:10.274,1:09.541,1:09.478,gasly,10,GAS,Pierre,Gasly,alphatauri,AlphaTauri
2021,13,16,5,1:09.829,1:09.437,1:09.527,leclerc,16,LEC,Charles,Leclerc,ferrari,Ferrari
2021,13,55,6,1:10.022,1:09.870,1:09.537,sainz,55,SAI,Carlos,Sainz,ferrari,Ferrari
2021,13,99,7,1:10.050,1:10.033,1:09.590,giovinazzi,99,GIO,Antonio,Giovinazzi,alfa,Alfa Romeo
2021,13,31,8,1:10.179,1:09.919,1:09.933,ocon,31,OCO,Esteban,Ocon,alpine,Alpine F1 Team
2021,13,14,9,1:10.435,1:10.020,1:09.956,alonso,14,ALO,Fernando,Alonso,alpine,Alpine F1 Team
2021,13,3,10,1:10.255,1:09.865,1:10.166,ricciardo,3,RIC,Daniel,Ricciardo,mclaren,McLaren
2021,13,63,11,1:10.382,1:10.332,,russell,63,RUS,George,Russell,williams,Williams
2021,13,18,12,1:10.438,1:10.367,,stroll,18,STR,Lance,Stroll,aston_martin,Aston Martin
2021,13,4,13,1:10.489,1:10.406,,norris,4,NOR,Lando,Norris,mclaren,McLaren
2021,13,6,14,1:10.093,1:11.161,,latifi,6,LAT,Nicholas,Latifi,williams,Williams
2021,13,22,15,1:10.462,1:11.314,,tsunoda,22,TSU,Yuki,Tsunoda,alphatauri,AlphaTauri
2021,13,11,16,1:10.530,,,perez,11,PER,Sergio,Pérez,red_bull,Red Bull
2021,13,5,17,1:10.731,,,vettel,5,VET,Sebastian,Vettel,aston_martin,Aston Martin
2021,13,88,18,1:11.301,,,kubica,88,KUB,Robert,Kubica,alfa,Alfa Romeo
2021,13,47,19,1:11.387,,,mick_schumacher,47,MSC,Mick,Schumacher,haas,Haas F1 Team
2021,13,9,20,1:11.875,,,mazepin,9,MAZ,Nikita,Mazepin,haas,Haas F1 Team
2021,14,77,1,1:20.685,1:20.032,1:19.555,bottas,77,BOT,Valtteri,Bottas,mercedes,Mercedes
2021,14,44,2,1:20.543,1:19.936,1:19.651,hamilton,44,HAM,Lewis,Hamilton,mercedes,Mercedes
2021,14,33,3,1:21.035,1:20.229,1:19.966,max_verstappen,33,VER,Max,Verstappen,red_bull,Red Bull
2021,14,4,4,1:20.916,1:20.059,1:19.989,norris,4,NOR,Lando,Norris,mclaren,McLaren
2021,14,3,5,1:21.292,1:20.435,1:19.995,ricciardo,3,RIC,Daniel,Ricciardo,mclaren,McLaren
2021,14,10,6,1:21.440,1:20.556,1:20.260,gasly,10,GAS,Pierre,Gasly,alphatauri,AlphaTauri
2021,14,55,7,1:21.118,1:20.750,1:20.462,sainz,55,SAI,Carlos,Sainz,ferrari,Ferrari
2021,14,16,8,1:21.219,1:20.767,1:20.510,leclerc,16,LEC,Charles,Leclerc,ferrari,Ferrari
2021,14,11,9,1:21.308,1:20.882,1:20.611,perez,11,PER,Sergio,Pérez,red_bull,Red Bull
2021,14,99,10,1:21.197,1:20.726,1:20.808,giovinazzi,99,GIO,Antonio,Giovinazzi,alfa,Alfa Romeo
2021,14,5,11,1:21.394,1:20.913,,vettel,5,VET,Sebastian,Vettel,aston_martin,Aston Martin
2021,14,18,12,1:21.415,1:21.020,,stroll,18,STR,Lance,Stroll,aston_martin,Aston Martin
2021,14,14,13,1:21.487,1:21.069,,alonso,14,ALO,Fernando,Alonso,alpine,Alpine F1 Team
2021,14,31,14,1:21.500,1:21.103,,ocon,31,OCO,Esteban,Ocon,alpine,Alpine F1 Team
2021,14,63,15,1:21.890,1:21.392,,russell,63,RUS,George,Russell,williams,Williams
2021,14,6,16,1:21.925,,,latifi,6,LAT,Nicholas,Latifi,williams,Williams
2021,14,22,17,1:21.973,,,tsunoda,22,TSU,Yuki,Tsunoda,alphatauri,AlphaTauri
2021,14,47,18,1:22.248,,,mick_schumacher,47,MSC,Mick,Schumacher,haas,Haas F1 Team
2021,14,88,19,1:22.530,,,kubica,88,KUB,Robert,Kubica,alfa,Alfa Romeo
2021,14,9,20,1:22.716,,,mazepin,9,MAZ,Nikita,Mazepin,haas,Haas F1 Team
2021,15,4,1,1:47.238,1:45.827,1:41.993,norris,4,NOR,Lando,Norris,mclaren,McLaren
2021,15,55,2,1:47.924,1:46.521,1:42.510,sainz,55,SAI,Carlos,Sainz,ferrari,Ferrari
2021,15,63,3,1:48.303,1:46.435,1:42.983,russell,63,RUS,George,Russell,williams,Williams
2021,15,44,4,1:45.992,1:45.129,1:44.050,hamilton,44,HAM,Lewis,Hamilton,mercedes,Mercedes
2021,15,3,5,1:48.345,1:46.361,1:44.156,ricciardo,3,RIC,Daniel,Ricciardo,mclaren,McLaren
2021,15,14,6,1:47.877,1:45.514,1:44.204,alonso,14,ALO,Fernando,Alonso,alpine,Alpine F1 Team
2021,15,77,7,1:46.396,1:45.306,1:44.710,bottas,77,BOT,Valtteri,Bottas,mercedes,Mercedes
2021,15,18,8,1:48.322,1:46.360,1:44.956,stroll,18,STR,Lance,Stroll,aston_martin,Aston Martin
2021,15,11,9,1:46.455,1:45.834,1:45.337,perez,11,PER,Sergio,Pérez,red_bull,Red Bull
2021,15,31,10,1:48.099,1:46.070,1:45.865,ocon,31,OCO,Esteban,Ocon,alpine,Alpine F1 Team
2021,15,5,11,1:47.205,1:46.573,,vettel,5,VET,Sebastian,Vettel,aston_martin,Aston Martin
2021,15,10,12,1:47.828,1:46.641,,gasly,10,GAS,Pierre,Gasly,alphatauri,AlphaTauri
2021,15,22,13,1:48.854,1:46.751,,tsunoda,22,TSU,Yuki,Tsunoda,alphatauri,AlphaTauri
2021,15,6,14,1:48.252,,,latifi,6,LAT,Nicholas,Latifi,williams,Williams
2021,15,16,15,1:48.470,,,leclerc,16,LEC,Charles,Leclerc,ferrari,Ferrari
2021,15,7,16,1:49.586,,,raikkonen,7,RAI,Kimi,Räikkönen,alfa,Alfa Romeo
2021,15,47,17,1:49.830,,,mick_schumacher,47,MSC,Mick,Schumacher,haas,Haas F1 Team
2021,15,99,18,1:51.023,,,giovinazzi,99,GIO,Antonio,Giovinazzi,alfa,Alfa Romeo
2021,15,9,19,1:53.764,,,mazepin,9,MAZ,Nikita,Mazepin,haas,Haas F1 Team
2021,15,33,20,,,,max_verstappen,33,VER,Max,Verstappen,red_bull,Red Bull
2021,16,44,1,1:24.585,1:23.082,1:22.868,hamilton,44,HAM,Lewis,Hamilton,mercedes,Mercedes
2021,16,77,2,1:25.047,1:23.579,1:22.998,bottas,77,BOT,Valtteri,Bottas,mercedes,Mercedes
2021,16,33,3,1:24.592,1:23.732,1:23.196,max_verstappen,33,VER,Max,Verstappen,red_bull,Red Bull
2021,16,16,4,1:24.869,1:24.015,1:23.265,leclerc,16,LEC,Charles,Leclerc,ferrari,Ferrari
2021,16,10,5,1:24.704,1:23.817,1:23.326,gasly,10,GAS,Pierre,Gasly,alphatauri,AlphaTauri
2021,16,14,6,1:25.174,1:23.914,1:23.477,alonso,14,ALO,Fernando,Alonso,alpine,Alpine F1 Team
2021,16,11,7,1:24.963,1:23.961,1:23.706,perez,11,PER,Sergio,Pérez,red_bull,Red Bull
2021,16,4,8,1:25.138,1:24.642,1:23.954,norris,4,NOR,Lando,Norris,mclaren,McLaren
2021,16,18,9,1:25.511,1:24.601,1:24.305,stroll,18,STR,Lance,Stroll,aston_martin,Aston Martin
2021,16,22,10,1:25.409,1:24.054,1:24.368,tsunoda,22,TSU,Yuki,Tsunoda,alphatauri,AlphaTauri
2021,16,5,11,1:25.787,1:24.795,,vettel,5,VET,Sebastian,Vettel,aston_martin,Aston Martin
2021,16,31,12,1:25.422,1:24.842,,ocon,31,OCO,Esteban,Ocon,alpine,Alpine F1 Team
2021,16,63,13,1:25.417,1:25.007,,russell,63,RUS,George,Russell,williams,Williams
2021,16,47,14,1:25.555,1:25.200,,mick_schumacher,47,MSC,Mick,Schumacher,haas,Haas F1 Team
2021,16,55,15,1:25.177,,,sainz,55,SAI,Carlos,Sainz,ferrari,Ferrari
2021,16,3,16,1:25.881,,,ricciardo,3,RIC,Daniel,Ricciardo,mclaren,McLaren
2021,16,6,17,1:26.086,,,latifi,6,LAT,Nicholas,Latifi,williams,Williams
2021,16,99,18,1:26.430,,,giovinazzi,99,GIO,Antonio,Giovinazzi,alfa,Alfa Romeo
2021,16,7,19,1:27.525,,,raikkonen,7,RAI,Kimi,Räikkönen,alfa,Alfa Romeo
2021,16,9,20,1:28.449,,,mazepin,9,MAZ,Nikita,Mazepin,haas,Haas F1 Team
2021,17,33,1,1:34.352,1:33.464,1:32.910,max_verstappen,33,VER,Max,Verstappen,red_bull,Red Bull
2021,17,44,2,1:34.579,1:33.797,1:33.119,hamilton,44,HAM,Lewis,Hamilton,mercedes,Mercedes
2021,17,11,3,1:34.369,1:34.178,1:33.134,perez,11,PER,Sergio,Pérez,red_bull,Red Bull
2021,17,77,4,1:34.590,1:33.959,1:33.475,bottas,77,BOT,Valtteri,Bottas,mercedes,Mercedes
2021,17,16,5,1:34.153,1:33.928,1:33.606,leclerc,16,LEC,Charles,Leclerc,ferrari,Ferrari
2021,17,55,6,1:34.558,1:34.126,1:33.792,sainz,55,SAI,Carlos,Sainz,ferrari,Ferrari
2021,17,3,7,1:34.407,1:34.643,1:33.808,ricciardo,3,RIC,Daniel,Ricciardo,mclaren,McLaren
2021,17,4,8,1:34.551,1:33.880,1:33.887,norris,4,NOR,Lando,Norris,mclaren,McLaren
2021,17,10,9,1:34.567,1:34.583,1:34.118,gasly,10,GAS,Pierre,Gasly,alphatauri,AlphaTauri
2021,17,22,10,1:35.360,1:35.137,1:34.918,tsunoda,22,TSU,Yuki,Tsunoda,alphatauri,AlphaTauri
2021,17,31,11,1:35.747,1:35.377,,ocon,31,OCO,Esteban,Ocon,alpine,Alpine F1 Team
2021,17,5,12,1:35.281,1:35.500,,vettel,5,VET,Sebastian,Vettel,aston_martin,Aston Martin
2021,17,99,13,1:35.920,1:35.794,,giovinazzi,99,GIO,Antonio,Giovinazzi,alfa,Alfa Romeo
2021,17,14,14,1:35.756,1:44.549,,alonso,14,ALO,Fernando,Alonso,alpine,Alpine F1 Team
2021,17,63,15,1:35.746,,,russell,63,RUS,George,Russell,williams,Williams
2021,17,18,16,1:35.983,,,stroll,18,STR,Lance,Stroll,aston_martin,Aston Martin
2021,17,6,17,1:35.995,,,latifi,6,LAT,Nicholas,Latifi,williams,Williams
2021,17,7,18,1:36.311,,,raikkonen,7,RAI,Kimi,Räikkönen,alfa,Alfa Romeo
2021,17,47,19,1:36.499,,,mick_schumacher,47,MSC,Mick,Schumacher,haas,Haas F1 Team
2021,17,9,20,1:36.796,,,mazepin,9,MAZ,Nikita,Mazepin,haas,Haas F1 Team
2021,18,77,1,1:16.727,1:16.864,1:15.875,bottas,77,BOT,Valtteri,Bottas,mercedes,Mercedes
2021,18,44,2,1:17.207,1:16.474,1:16.020,hamilton,44,HAM,Lewis,Hamilton,mercedes,Mercedes
2021,18,33,3,1:16.788,1:16.483,1:16.225,max_verstappen,33,VER,Max,Verstappen,red_bull,Red Bull
2021,18,11,4,1:17.003,1:17.055,1:16.342,perez,11,PER,Sergio,Pérez,red_bull,Red Bull
2021,18,10,5,1:16.908,1:16.955,1:16.456,gasly,10,GAS,Pierre,Gasly,alphatauri,AlphaTauri
2021,18,55,6,1:17.517,1:17.248,1:16.761,sainz,55,SAI,Carlos,Sainz,ferrari,Ferrari
2021,18,3,7,1:17.719,1:17.092,1:16.763,ricciardo,3,RIC,Daniel,Ricciardo,mclaren,McLaren
2021,18,16,8,1:16.748,1:17.034,1:16.837,leclerc,16,LEC,Charles,Leclerc,ferrari,Ferrari
2021,18,22,9,1:17.330,1:16.701,1:17.158,tsunoda,22,TSU,Yuki,Tsunoda,alphatauri,AlphaTauri
2021,18,4,10,1:17.569,1:17.473,1:36.830,norris,4,NOR,Lando,Norris,mclaren,McLaren
2021,18,5,11,1:17.502,1:17.746,,vettel,5,VET,Sebastian,Vettel,aston_martin,Aston Martin
2021,18,7,12,1:17.606,1:17.958,,raikkonen,7,RAI,Kimi,Räikkönen,alfa,Alfa Romeo
2021,18,63,13,1:17.958,1:18.172,,russell,63,RUS,George,Russell,williams,Williams
2021,18,99,14,1:17.897,1:18.290,,giovinazzi,99,GIO,Antonio,Giovinazzi,alfa,Alfa Romeo
2021,18,31,15,1:18.126,1:18.405,,ocon,31,OCO,Esteban,Ocon,alpine,Alpine F1 Team
2021,18,14,16,1:18.452,,,alonso,14,ALO,Fernando,Alonso,alpine,Alpine F1 Team
2021,18,6,17,1:18.756,,,latifi,6,LAT,Nicholas,Latifi,williams,Williams
2021,18,47,18,1:18.858,,,mick_schumacher,47,MSC,Mick,Schumacher,haas,Haas F1 Team
2021,18,9,19,1:19.303,,,mazepin,9,MAZ,Nikita,Mazepin,haas,Haas F1 Team
2021,18,18,20,1:20.873,,,stroll,18,STR,Lance,Stroll,aston_martin,Aston Martin
2021,19,44,1,1:08.733,1:08.068,1:07.934,hamilton,44,HAM,Lewis,Hamilton,mercedes,Mercedes
2021,19,33,2,1:09.329,1:08.499,1:08.372,max_verstappen,33,VER,Max,Verstappen,red_bull,Red Bull
2021,19,77,3,1:09.040,1:08.426,1:08.469,bottas,77,BOT,Valtteri,Bottas,mercedes,Mercedes
2021,19,11,4,1:09.172,1:08.973,1:08.483,perez,11,PER,Sergio,Pérez,red_bull,Red Bull
2021,19,10,5,1:09.347,1:08.903,1:08.777,gasly,10,GAS,Pierre,Gasly,alphatauri,AlphaTauri
2021,19,55,6,1:09.046,1:09.031,1:08.826,sainz,55,SAI,Carlos,Sainz,ferrari,Ferrari
2021,19,16,7,1:09.155,1:08.859,1:08.960,leclerc,16,LEC,Charles,Leclerc,ferrari,Ferrari
2021,19,4,8,1:09.365,1:09.030,1:08.980,norris,4,NOR,Lando,Norris,mclaren,McLaren
2021,19,3,9,1:09.374,1:09.093,1:09.039,ricciardo,3,RIC,Daniel,Ricciardo,mclaren,McLaren
2021,19,14,10,1:09.391,1:09.137,1:09.113,alonso,14,ALO,Fernando,Alonso,alpine,Alpine F1 Team
2021,19,31,11,1:09.430,1:09.189,,ocon,31,OCO,Esteban,Ocon,alpine,Alpine F1 Team
2021,19,5,12,1:09.451,1:09.399,,vettel,5,VET,Sebastian,Vettel,aston_martin,Aston Martin
2021,19,22,13,1:09.350,1:09.483,,tsunoda,22,TSU,Yuki,Tsunoda,alphatauri,AlphaTauri
2021,19,7,14,1:09.598,1:09.503,,raikkonen,7,RAI,Kimi,Räikkönen,alfa,Alfa Romeo
2021,19,99,15,1:09.342,1:10.227,,giovinazzi,99,GIO,Antonio,Giovinazzi,alfa,Alfa Romeo
2021,19,18,16,1:09.663,,,stroll,18,STR,Lance,Stroll,aston_martin,Aston Martin
2021,19,6,17,1:09.897,,,latifi,6,LAT,Nicholas,Latifi,williams,Williams
2021,19,63,18,1:09.953,,,russell,63,RUS,George,Russell,williams,Williams
2021,19,47,19,1:10.329,,,mick_schumacher,47,MSC,Mick,Schumacher,haas,Haas F1 Team
2021,19,9,20,1:10.589,,,mazepin,9,MAZ,Nikita,Mazepin,haas,Haas F1 Team
2021,2,44,1,1:14.823,1:14.817,1:14.411,hamilton,44,HAM,Lewis,Hamilton,mercedes,Mercedes
2021,2,11,2,1:15.395,1:14.716,1:14.446,perez,11,PER,Sergio,Pérez,red_bull,Red Bull
2021,2,33,3,1:15.109,1:14.884,1:14.498,max_verstappen,33,VER,Max,Verstappen,red_bull,Red Bull
2021,2,16,4,1:15.413,1:14.808,1:14.740,leclerc,16,LEC,Charles,Leclerc,ferrari,Ferrari
2021,2,10,5,1:15.548,1:14.927,1:14.790,gasly,10,GAS,Pierre,Gasly,alphatauri,AlphaTauri
2021,2,3,6,1:15.669,1:15.033,1:14.826,ricciardo,3,RIC,Daniel,Ricciardo,mclaren,McLaren
2021,2,4,7,1:15.009,1:14.718,1:14.875,norris,4,NOR,Lando,Norris,mclaren,McLaren
2021,2,77,8,1:14.672,1:14.905,1:14.898,bottas,77,BOT,Valtteri,Bottas,mercedes,Mercedes
2021,2,31,9,1:15.385,1:15.117,1:15.210,ocon,31,OCO,Esteban,Ocon,alpine,Alpine F1 Team
2021,2,18,10,1:15.522,1:15.138,,stroll,18,STR,Lance,Stroll,aston_martin,Aston Martin
2021,2,55,11,1:15.406,1:15.199,,sainz,55,SAI,Carlos,Sainz,ferrari,Ferrari
2021,2,63,12,1:15.826,1:15.261,,russell,63,RUS,George,Russell,williams,Williams
2021,2,5,13,1:15.459,1:15.394,,vettel,5,VET,Sebastian,Vettel,aston_martin,Aston Martin
2021,2,6,14,1:15.653,1:15.593,,latifi,6,LAT,Nicholas,Latifi,williams,Williams
2021,2,14,15,1:15.832,1:15.593,,alonso,14,ALO,Fernando,Alonso,alpine,Alpine F1 Team
2021,2,7,16,1:15.974,,,raikkonen,7,RAI,Kimi,Räikkönen,alfa,Alfa Romeo
2021,2,99,17,1:16.122,,,giovinazzi,99,GIO,Antonio,Giovinazzi,alfa,Alfa Romeo
2021,2,47,18,1:16.279,,,mick_schumacher,47,MSC,Mick,Schumacher,haas,Haas F1 Team
2021,2,9,19,1:16.797,,,mazepin,9,MAZ,Nikita,Mazepin,haas,Haas F1 Team
2021,2,22,20,,,,tsunoda,22,TSU,Yuki,Tsunoda,alphatauri,AlphaTauri
2021,20,44,1,1:21.901,1:21.682,1:20.827,hamilton,44,HAM,Lewis,Hamilton,mercedes,Mercedes
2021,20,33,2,1:21.996,1:21.984,1:21.282,max_verstappen,33,VER,Max,Verstappen,red_bull,Red Bull
2021,20,77,3,1:22.016,1:21.991,1:21.478,bottas,77,BOT,Valtteri,Bottas,mercedes,Mercedes
2021,20,10,4,1:22.535,1:21.728,1:21.640,gasly,10,GAS,Pierre,Gasly,alphatauri,AlphaTauri
2021,20,14,5,1:22.422,1:21.894,1:21.670,alonso,14,ALO,Fernando,Alonso,alpine,Alpine F1 Team
2021,20,4,6,1:22.839,1:22.216,1:21.731,norris,4,NOR,Lando,Norris,mclaren,McLaren
2021,20,55,7,1:22.304,1:22.241,1:21.840,sainz,55,SAI,Carlos,Sainz,ferrari,Ferrari
2021,20,22,8,1:22.458,1:22.058,1:21.881,tsunoda,22,TSU,Yuki,Tsunoda,alphatauri,AlphaTauri
2021,20,31,9,1:22.565,1:22.012,1:22.028,ocon,31,OCO,Esteban,Ocon,alpine,Alpine F1 Team
2021,20,5,10,1:22.549,1:22.146,1:22.785,vettel,5,VET,Sebastian,Vettel,aston_martin,Aston Martin
2021,20,11,11,1:22.398,1:22.346,,perez,11,PER,Sergio,Pérez,red_bull,Red Bull
2021,20,18,12,1:22.551,1:22.460,,stroll,18,STR,Lance,Stroll,aston_martin,Aston Martin
2021,20,16,13,1:22.742,1:22.463,,leclerc,16,LEC,Charles,Leclerc,ferrari,Ferrari
2021,20,3,14,1:22.688,1:22.597,,ricciardo,3,RIC,Daniel,Ricciardo,mclaren,McLaren
2021,20,63,15,1:22.863,1:22.756,,russell,63,RUS,George,Russell,williams,Williams
2021,20,7,16,1:23.156,,,raikkonen,7,RAI,Kimi,Räikkönen,alfa,Alfa Romeo
2021,20,6,17,1:23.213,,,latifi,6,LAT,Nicholas,Latifi,williams,Williams
2021,20,99,18,1:23.262,,,giovinazzi,99,GIO,Antonio,Giovinazzi,alfa,Alfa Romeo
2021,20,47,19,1:23.407,,,mick_schumacher,47,MSC,Mick,Schumacher,haas,Haas F1 Team
2021,20,9,20,1:25.859,,,mazepin,9,MAZ,Nikita,Mazepin,haas,Haas F1 Team
2021,21,44,1,1:28.466,1:27.712,1:27.511,hamilton,44,HAM,Lewis,Hamilton,mercedes,Mercedes
2021,21,77,2,1:28.057,1:28.054,1:27.622,bottas,77,BOT,Valtteri,Bottas,mercedes,Mercedes
2021,21,33,3,1:28.285,1:27.953,1:27.653,max_verstappen,33,VER,Max,Verstappen,red_bull,Red Bull
2021,21,16,4,1:28.310,1:28.459,1:28.054,leclerc,16,LEC,Charles,Leclerc,ferrari,Ferrari
2021,21,11,5,1:28.021,1:27.946,1:28.123,perez,11,PER,Sergio,Pérez,red_bull,Red Bull
2021,21,10,6,1:28.401,1:28.314,1:28.125,gasly,10,GAS,Pierre,Gasly,alphatauri,AlphaTauri
2021,21,4,7,1:28.338,1:28.344,1:28.180,norris,4,NOR,Lando,Norris,mclaren,McLaren
2021,21,22,8,1:28.503,1:28.222,1:28.442,tsunoda,22,TSU,Yuki,Tsunoda,alphatauri,AlphaTauri
2021,21,31,9,1:28.752,1:28.574,1:28.647,ocon,31,OCO,Esteban,Ocon,alpine,Alpine F1 Team
2021,21,99,10,1:28.899,1:28.616,1:28.754,giovinazzi,99,GIO,Antonio,Giovinazzi,alfa,Alfa Romeo
2021,21,3,11,1:28.216,1:28.668,,ricciardo,3,RIC,Daniel,Ricciardo,mclaren,McLaren
2021,21,7,12,1:28.856,1:28.885,,raikkonen,7,RAI,Kimi,Räikkönen,alfa,Alfa Romeo
2021,21,14,13,1:28.944,1:28.920,,alonso,14,ALO,Fernando,Alonso,alpine,Alpine F1 Team
2021,21,63,14,1:28.926,1:29.054,,russell,63,RUS,George,Russell,williams,Williams
2021,21,55,15,1:28.237,1:53.652,,sainz,55,SAI,Carlos,Sainz,ferrari,Ferrari
2021,21,6,16,1:29.177,,,latifi,6,LAT,Nicholas,Latifi,williams,Williams
2021,21,5,17,1:29.198,,,vettel,5,VET,Sebastian,Vettel,aston_martin,Aston Martin
2021,21,18,18,1:29.368,,,stroll,18,STR,Lance,Stroll,aston_martin,Aston Martin
2021,21,47,19,1:29.464,,,mick_schumacher,47,MSC,Mick,Schumacher,haas,Haas F1 Team
2021,21,9,20,1:30.473,,,mazepin,9,MAZ,Nikita,Mazepin,haas,Haas F1 Team
2021,22,33,1,1:23.322,1:22.800,1:22.109,max_verstappen,33,VER,Max,Verstappen,red_bull,Red Bull
2021,22,44,2,1:22.845,1:23.145,1:22.480,hamilton,44,HAM,Lewis,Hamilton,mercedes,Mercedes
2021,22,4,3,1:23.553,1:23.256,1:22.931,norris,4,NOR,Lando,Norris,mclaren,McLaren
2021,22,11,4,1:23.350,1:23.135,1:22.947,perez,11,PER,Sergio,Pérez,red_bull,Red Bull
2021,22,55,5,1:23.624,1:23.174,1:22.992,sainz,55,SAI,Carlos,Sainz,ferrari,Ferrari
2021,22,77,6,1:23.117,1:23.246,1:23.036,bottas,77,BOT,Valtteri,Bottas,mercedes,Mercedes
2021,22,16,7,1:23.467,1:23.202,1:23.122,leclerc,16,LEC,Charles,Leclerc,ferrari,Ferrari
2021,22,22,8,1:23.428,1:23.404,1:23.220,tsunoda,22,TSU,Yuki,Tsunoda,alphatauri,AlphaTauri
2021,22,31,9,1:23.764,1:23.420,1:23.389,ocon,31,OCO,Esteban,Ocon,alpine,Alpine F1 Team
2021,22,3,10,1:23.829,1:23.448,1:23.409,ricciardo,3,RIC,Daniel,Ricciardo,mclaren,McLaren
2021,22,14,11,1:23.846,1:23.460,,alonso,14,ALO,Fernando,Alonso,alpine,Alpine F1 Team
2021,22,10,12,1:23.489,1:24.043,,gasly,10,GAS,Pierre,Gasly,alphatauri,AlphaTauri
2021,22,18,13,1:24.061,1:24.066,,stroll,18,STR,Lance,Stroll,aston_martin,Aston Martin
2021,22,99,14,1:24.118,1:24.251,,giovinazzi,99,GIO,Antonio,Giovinazzi,alfa,Alfa Romeo
2021,22,5,15,1:24.225,1:24.305,,vettel,5,VET,Sebastian,Vettel,aston_martin,Aston Martin
2021,22,6,16,1:24.338,,,latifi,6,LAT,Nicholas,Latifi,williams,Williams
2021,22,63,17,1:24.423,,,russell,63,RUS,George,Russell,williams,Williams
2021,22,7,18,1:24.779,,,raikkonen,7,RAI,Kimi,Räikkönen,alfa,Alfa Romeo
2021,22,47,19,1:24.906,,,mick_schumacher,47,MSC,Mick,Schumacher,haas,Haas F1 Team
2021,22,9,20,1:25.685,,,mazepin,9,MAZ,Nikita,Mazepin,haas,Haas F1 Team
2021,3,77,1,1:18.722,1:18.458,1:18.348,bottas,77,BOT,Valtteri,Bottas,mercedes,Mercedes
2021,3,44,2,1:18.857,1:17.968,1:18.355,hamilton,44,HAM,Lewis,Hamilton,mercedes,Mercedes
2021,3,33,3,1:19.485,1:18.650,1:18.746,max_verstappen,33,VER,Max,Verstappen,red_bull,Red Bull
2021,3,11,4,1:19.337,1:18.845,1:18.890,perez,11,PER,Sergio,Pérez,red_bull,Red Bull
2021,3,55,5,1:19.309,1:18.813,1:19.039,sainz,55,SAI,Carlos,Sainz,ferrari,Ferrari
2021,3,31,6,1:19.092,1:18.586,1:19.042,ocon,31,OCO,Esteban,Ocon,alpine,Alpine F1 Team
2021,3,4,7,1:18.794,1:18.481,1:19.116,norris,4,NOR,Lando,Norris,mclaren,McLaren
2021,3,16,8,1:19.373,1:18.769,1:19.306,leclerc,16,LEC,Charles,Leclerc,ferrari,Ferrari
2021,3,10,9,1:19.464,1:19.052,1:19.475,gasly,10,GAS,Pierre,Gasly,alphatauri,AlphaTauri
2021,3,5,10,1:19.403,1:18.970,1:19.659,vettel,5,VET,Sebastian,Vettel,aston_martin,Aston Martin
2021,3,63,11,1:19.797,1:19.109,,russell,63,RUS,George,Russell,williams,Williams
2021,3,99,12,1:19.410,1:19.216,,giovinazzi,99,GIO,Antonio,Giovinazzi,alfa,Alfa Romeo
2021,3,14,13,1:19.728,1:19.456,,alonso,14,ALO,Fernando,Alonso,alpine,Alpine F1 Team
2021,3,22,14,1:19.684,1:19.463,,tsunoda,22,TSU,Yuki,Tsunoda,alphatauri,AlphaTauri
2021,3,7,15,1:19.748,1:19.812,,raikkonen,7,RAI,Kimi,Räikkönen,alfa,Alfa Romeo
2021,3,3,16,1:19.839,,,ricciardo,3,RIC,Daniel,Ricciardo,mclaren,McLaren
2021,3,18,17,1:19.913,,,stroll,18,STR,Lance,Stroll,aston_martin,Aston Martin
2021,3,6,18,1:20.285,,,latifi,6,LAT,Nicholas,Latifi,williams,Williams
2021,3,47,19,1:20.452,,,mick_schumacher,47,MSC,Mick,Schumacher,haas,Haas F1 Team
2021,3,9,20,1:20.912,,,mazepin,9,MAZ,Nikita,Mazepin,haas,Haas F1 Team
2021,4,44,1,1:18.245,1:17.166,1:16.741,hamilton,44,HAM,Lewis,Hamilton,mercedes,Mercedes
2021,4,33,2,1:18.090,1:16.922,1:16.777,max_verstappen,33,VER,Max,Verstappen,red_bull,Red Bull
2021,4,77,3,1:18.005,1:17.142,1:16.873,bottas,77,BOT,Valtteri,Bottas,mercedes,Mercedes
2021,4,16,4,1:18.041,1:17.717,1:17.510,leclerc,16,LEC,Charles,Leclerc,ferrari,Ferrari
2021,4,31,5,1:18.281,1:17.743,1:17.580,ocon,31,OCO,Esteban,Ocon,alpine,Alpine F1 Team
2021,4,55,6,1:18.205,1:17.656,1:17.620,sainz,55,SAI,Carlos,Sainz,ferrari,Ferrari
2021,4,3,7,1:18.264,1:17.719,1:17.622,ricciardo,3,RIC,Daniel,Ricciardo,mclaren,McLaren
2021,4,11,8,1:18.203,1:17.669,1:17.701,perez,11,PER,Sergio,Pérez,red_bull,Red Bull
2021,4,4,9,1:17.821,1:17.696,1:18.010,norris,4,NOR,Lando,Norris,mclaren,McLaren
2021,4,14,10,1:18.281,1:17.966,1:18.147,alonso,14,ALO,Fernando,Alonso,alpine,Alpine F1 Team
2021,4,18,11,1:18.241,1:17.974,,stroll,18,STR,Lance,Stroll,aston_martin,Aston Martin
2021,4,10,12,1:18.190,1:17.982,,gasly,10,GAS,Pierre,Gasly,alphatauri,AlphaTauri
2021,4,5,13,1:18.289,1:18.079,,vettel,5,VET,Sebastian,Vettel,aston_martin,Aston Martin
2021,4,99,14,1:18.549,1:18.356,,giovinazzi,99,GIO,Antonio,Giovinazzi,alfa,Alfa Romeo
2021,4,63,15,1:18.445,1:19.154,,russell,63,RUS,George,Russell,williams,Williams
2021,4,22,16,1:18.556,,,tsunoda,22,TSU,Yuki,Tsunoda,alphatauri,AlphaTauri
2021,4,7,17,1:18.917,,,raikkonen,7,RAI,Kimi,Räikkönen,alfa,Alfa Romeo
2021,4,47,18,1:19.117,,,mick_schumacher,47,MSC,Mick,Schumacher,haas,Haas F1 Team
2021,4,6,19,1:19.219,,,latifi,6,LAT,Nicholas,Latifi,williams,Williams
2021,4,9,20,1:19.807,,,mazepin,9,MAZ,Nikita,Mazepin,haas,Haas F1 Team
2021,5,16,1,1:11.113,1:10.597,1:10.346,leclerc,16,LEC,Charles,Leclerc,ferrari,Ferrari
2021,5,33,2,1:11.124,1:10.650,1:10.576,max_verstappen,33,VER,Max,Verstappen,red_bull,Red Bull
2021,5,77,3,1:10.938,1:10.695,1:10.601,bottas,77,BOT,Valtteri,Bottas,mercedes,Mercedes
2021,5,55,4,1:11.324,1:10.806,1:10.611,sainz,55,SAI,Carlos,Sainz,ferrari,Ferrari
2021,5,4,5,1:11.321,1:11.031,1:10.620,norris,4,NOR,Lando,Norris,mclaren,McLaren
2021,5,10,6,1:11.560,1:11.179,1:10.900,gasly,10,GAS,Pierre,Gasly,alphatauri,AlphaTauri
2021,5,44,7,1:11.622,1:11.116,1:11.095,hamilton,44,HAM,Lewis,Hamilton,mercedes,Mercedes
2021,5,5,8,1:12.078,1:11.309,1:11.419,vettel,5,VET,Sebastian,Vettel,aston_martin,Aston Martin
2021,5,11,9,1:11.644,1:11.019,1:11.573,perez,11,PER,Sergio,Pérez,red_bull,Red Bull
2021,5,99,10,1:11.658,1:11.409,1:11.779,giovinazzi,99,GIO,Antonio,Giovinazzi,alfa,Alfa Romeo
2021,5,31,11,1:11.740,1:11.486,,ocon,31,OCO,Esteban,Ocon,alpine,Alpine F1 Team
2021,5,3,12,1:11.747,1:11.598,,ricciardo,3,RIC,Daniel,Ricciardo,mclaren,McLaren
2021,5,18,13,1:11.979,1:11.600,,stroll,18,STR,Lance,Stroll,aston_martin,Aston Martin
2021,5,7,14,1:11.899,1:11.642,,raikkonen,7,RAI,Kimi,Räikkönen,alfa,Alfa Romeo
2021,5,63,15,1:12.016,1:11.830,,russell,63,RUS,George,Russell,williams,Williams
2021,5,22,16,1:12.096,,,tsunoda,22,TSU,Yuki,Tsunoda,alphatauri,AlphaTauri
2021,5,14,17,1:12.205,,,alonso,14,ALO,Fernando,Alonso,alpine,Alpine F1 Team
2021,5,6,18,1:12.366,,,latifi,6,LAT,Nicholas,Latifi,williams,Williams
2021,5,9,19,1:12.958,,,mazepin,9,MAZ,Nikita,Mazepin,haas,Haas F1 Team
2021,6,16,1,1:42.241,1:41.659,1:41.218,leclerc,16,LEC,Charles,Leclerc,ferrari,Ferrari
2021,6,44,2,1:41.545,1:41.634,1:41.450,hamilton,44,HAM,Lewis,Hamilton,mercedes,Mercedes
2021,6,33,3,1:41.760,1:41.625,1:41.563,max_verstappen,33,VER,Max,Verstappen,red_bull,Red Bull
2021,6,10,4,1:42.288,1:41.932,1:41.565,gasly,10,GAS,Pierre,Gasly,alphatauri,AlphaTauri
2021,6,55,5,1:42.121,1:41.740,1:41.576,sainz,55,SAI,Carlos,Sainz,ferrari,Ferrari
2021,6,4,6,1:42.167,1:41.813,1:41.747,norris,4,NOR,Lando,Norris,mclaren,McLaren
2021,6,11,7,1:41.968,1:41.630,1:41.917,perez,11,PER,Sergio,Pérez,red_bull,Red Bull
2021,6,22,8,1:42.521,1:41.654,1:42.211,tsunoda,22,TSU,Yuki,Tsunoda,alphatauri,AlphaTauri
2021,6,14,9,1:42.934,1:42.195,1:42.327,alonso,14,ALO,Fernando,Alonso,alpine,Alpine F1 Team
2021,6,77,10,1:42.701,1:42.106,1:42.659,bottas,77,BOT,Valtteri,Bottas,mercedes,Mercedes
2021,6,5,11,1:42.460,1:42.224,,vettel,5,VET,Sebastian,Vettel,aston_martin,Aston Martin
2021,6,31,12,1:42.426,1:42.273,,ocon,31,OCO,Esteban,Ocon,alpine,Alpine F1 Team
2021,6,3,13,1:42.304,1:42.558,,ricciardo,3,RIC,Daniel,Ricciardo,mclaren,McLaren
2021,6,7,14,1:42.923,1:42.587,,raikkonen,7,RAI,Kimi,Räikkönen,alfa,Alfa Romeo
2021,6,63,15,1:42.728,1:42.758,,russell,63,RUS,George,Russell,williams,Williams
2021,6,6,16,1:43.128,,,latifi,6,LAT,Nicholas,Latifi,williams,Williams
2021,6,47,17,1:44.158,,,mick_schumacher,47,MSC,Mick,Schumacher,haas,Haas F1 Team
2021,6,9,18,1:44.238,,,mazepin,9,MAZ,Nikita,Mazepin,haas,Haas F1 Team
2021,6,18,19,,,,stroll,18,STR,Lance,Stroll,aston_martin,Aston Martin
2021,6,99,20,,,,giovinazzi,99,GIO,Antonio,Giovinazzi,alfa,Alfa Romeo
2021,7,33,1,1:31.001,1:31.080,1:29.990,max_verstappen,33,VER,Max,Verstappen,red_bull,Red Bull
2021,7,44,2,1:31.237,1:30.788,1:30.248,hamilton,44,HAM,Lewis,Hamilton,mercedes,Mercedes
2021,7,77,3,1:31.669,1:30.735,1:30.376,bottas,77,BOT,Valtteri,Bottas,mercedes,Mercedes
2021,7,11,4,1:31.560,1:30.971,1:30.445,perez,11,PER,Sergio,Pérez,red_bull,Red Bull
2021,7,55,5,1:32.079,1:31.146,1:30.840,sainz,55,SAI,Carlos,Sainz,ferrari,Ferrari
2021,7,10,6,1:31.898,1:31.353,1:30.868,gasly,10,GAS,Pierre,Gasly,alphatauri,AlphaTauri
2021,7,16,7,1:32.209,1:31.567,1:30.987,leclerc,16,LEC,Charles,Leclerc,ferrari,Ferrari
2021,7,4,8,1:31.733,1:31.542,1:31.252,norris,4,NOR,Lando,Norris,mclaren,McLaren
2021,7,14,9,1:32.158,1:31.549,1:31.340,alonso,14,ALO,Fernando,Alonso,alpine,Alpine F1 Team
2021,7,3,10,1:32.181,1:31.615,1:31.382,ricciardo,3,RIC,Daniel,Ricciardo,mclaren,McLaren
2021,7,31,11,1:32.139,1:31.736,,ocon,31,OCO,Esteban,Ocon,alpine,Alpine F1 Team
2021,7,5,12,1:32.132,1:31.767,,vettel,5,VET,Sebastian,Vettel,aston_martin,Aston Martin
2021,7,99,13,1:32.722,1:31.813,,giovinazzi,99,GIO,Antonio,Giovinazzi,alfa,Alfa Romeo
2021,7,63,14,1:33.060,1:32.065,,russell,63,RUS,George,Russell,williams,Williams
2021,7,47,15,1:32.942,,,mick_schumacher,47,MSC,Mick,Schumacher,haas,Haas F1 Team
2021,7,6,16,1:33.062,,,latifi,6,LAT,Nicholas,Latifi,williams,Williams
2021,7,7,17,1:33.354,,,raikkonen,7,RAI,Kimi,Räikkönen,alfa,Alfa Romeo
2021,7,9,18,1:33.554,,,mazepin,9,MAZ,Nikita,Mazepin,haas,Haas F1 Team
2021,7,18,19,,,,stroll,18,STR,Lance,Stroll,aston_martin,Aston Martin
2021,7,22,20,,,,tsunoda,22,TSU,Yuki,Tsunoda,alphatauri,AlphaTauri
2021,8,33,1,1:04.489,1:04.433,1:03.841,max_verstappen,33,VER,Max,Verstappen,red_bull,Red Bull
2021,8,77,2,1:04.537,1:04.443,1:04.035,bottas,77,BOT,Valtteri,Bottas,mercedes,Mercedes
2021,8,44,3,1:04.672,1:04.512,1:04.067,hamilton,44,HAM,Lewis,Hamilton,mercedes,Mercedes
2021,8,4,4,1:04.584,1:04.298,1:04.120,norris,4,NOR,Lando,Norris,mclaren,McLaren
2021,8,11,5,1:04.638,1:04.197,1:04.168,perez,11,PER,Sergio,Pérez,red_bull,Red Bull
2021,8,10,6,1:04.765,1:04.429,1:04.236,gasly,10,GAS,Pierre,Gasly,alphatauri,AlphaTauri
2021,8,16,7,1:04.745,1:04.646,1:04.472,leclerc,16,LEC,Charles,Leclerc,ferrari,Ferrari
2021,8,22,8,1:04.608,1:04.631,1:04.514,tsunoda,22,TSU,Yuki,Tsunoda,alphatauri,AlphaTauri
2021,8,14,9,1:04.971,1:04.582,1:04.574,alonso,14,ALO,Fernando,Alonso,alpine,Alpine F1 Team
2021,8,18,10,1:04.821,1:04.663,1:04.708,stroll,18,STR,Lance,Stroll,aston_martin,Aston Martin
2021,8,63,11,1:05.033,1:04.671,,russell,63,RUS,George,Russell,williams,Williams
2021,8,55,12,1:04.859,1:04.800,,sainz,55,SAI,Carlos,Sainz,ferrari,Ferrari
2021,8,3,13,1:05.142,1:04.808,,ricciardo,3,RIC,Daniel,Ricciardo,mclaren,McLaren
2021,8,5,14,1:05.051,1:04.875,,vettel,5,VET,Sebastian,Vettel,aston_martin,Aston Martin
2021,8,99,15,1:05.092,1:04.913,,giovinazzi,99,GIO,Antonio,Giovinazzi,alfa,Alfa Romeo
2021,8,6,16,1:05.175,,,latifi,6,LAT,Nicholas,Latifi,williams,Williams
2021,8,31,17,1:05.217,,,ocon,31,OCO,Esteban,Ocon,alpine,Alpine F1 Team
2021,8,7,18,1:05.429,,,raikkonen,7,RAI,Kimi,Räikkönen,alfa,Alfa Romeo
2021,8,47,19,1:06.041,,,mick_schumacher,47,MSC,Mick,Schumacher,haas,Haas F1 Team
2021,8,9,20,1:06.192,,,mazepin,9,MAZ,Nikita,Mazepin,haas,Haas F1 Team
2021,9,33,1,1:04.249,1:03.927,1:03.720,max_verstappen,33,VER,Max,Verstappen,red_bull,Red Bull
2021,9,4,2,1:04.345,1:04.415,1:03.768,norris,4,NOR,Lando,Norris,mclaren,McLaren
2021,9,11,3,1:04.833,1:04.483,1:03.990,perez,11,PER,Sergio,Pérez,red_bull,Red Bull
2021,9,44,4,1:04.506,1:04.258,1:04.014,hamilton,44,HAM,Lewis,Hamilton,mercedes,Mercedes
2021,9,77,5,1:04.563,1:04.376,1:04.049,bottas,77,BOT,Valtteri,Bottas,mercedes,Mercedes
2021,9,10,6,1:04.841,1:04.412,1:04.107,gasly,10,GAS,Pierre,Gasly,alphatauri,AlphaTauri
2021,9,22,7,1:04.967,1:04.518,1:04.273,tsunoda,22,TSU,Yuki,Tsunoda,alphatauri,AlphaTauri
2021,9,5,8,1:04.846,1:04.493,1:04.570,vettel,5,VET,Sebastian,Vettel,aston_martin,Aston Martin
2021,9,63,9,1:04.907,1:04.553,1:04.591,russell,63,RUS,George,Russell,williams,Williams
2021,9,18,10,1:04.927,1:04.547,1:04.618,stroll,18,STR,Lance,Stroll,aston_martin,Aston Martin
2021,9,55,11,1:04.596,1:04.559,,sainz,55,SAI,Carlos,Sainz,ferrari,Ferrari
2021,9,16,12,1:04.906,1:04.600,,leclerc,16,LEC,Charles,Leclerc,ferrari,Ferrari
2021,9,3,13,1:04.977,1:04.719,,ricciardo,3,RIC,Daniel,Ricciardo,mclaren,McLaren
2021,9,14,14,1:04.472,1:04.856,,alonso,14,ALO,Fernando,Alonso,alpine,Alpine F1 Team
2021,9,99,15,1:04.782,1:05.083,,giovinazzi,99,GIO,Antonio,Giovinazzi,alfa,Alfa Romeo
2021,9,7,16,1:05.009,,,raikkonen,7,RAI,Kimi,Räikkönen,alfa,Alfa Romeo
2021,9,31,17,1:05.051,,,ocon,31,OCO,Esteban,Ocon,alpine,Alpine F1 Team
2021,9,6,18,1:05.195,,,latifi,6,LAT,Nicholas,Latifi,williams,Williams
2021,9,47,19,1:05.427,,,mick_schumacher,47,MSC,Mick,Schumacher,haas,Haas F1 Team
2021,9,9,20,1:05.951,,,mazepin,9,MAZ,Nikita,Mazepin,haas,Haas F1 Team
2022,1,16,1,1:31.471,1:30.932,1:30.558,leclerc,16,LEC,Charles,Leclerc,ferrari,Ferrari
2022,1,1,2,1:31.785,1:30.757,1:30.681,max_verstappen,33,VER,Max,Verstappen,red_bull,Red Bull
2022,1,55,3,1:31.567,1:30.787,1:30.687,sainz,55,SAI,Carlos,Sainz,ferrari,Ferrari
2022,1,11,4,1:32.311,1:31.008,1:30.921,perez,11,PER,Sergio,Pérez,red_bull,Red Bull
2022,1,44,5,1:32.285,1:31.048,1:31.238,hamilton,44,HAM,Lewis,Hamilton,mercedes,Mercedes
2022,1,77,6,1:31.919,1:31.717,1:31.560,bottas,77,BOT,Valtteri,Bottas,alfa,Alfa Romeo
2022,1,20,7,1:31.955,1:31.461,1:31.808,kevin_magnussen,20,MAG,Kevin,Magnussen,haas,Haas F1 Team
2022,1,14,8,1:32.346,1:31.621,1:32.195,alonso,14,ALO,Fernando,Alonso,alpine,Alpine F1 Team
2022,1,63,9,1:32.269,1:31.252,1:32.216,russell,63,RUS,George,Russell,mercedes,Mercedes
2022,1,10,10,1:32.096,1:31.635,1:32.338,gasly,10,GAS,Pierre,Gasly,alphatauri,AlphaTauri
2022,1,31,11,1:32.041,1:31.782,,ocon,31,OCO,Esteban,Ocon,alpine,Alpine F1 Team
2022,1,47,12,1:32.380,1:31.998,,mick_schumacher,47,MSC,Mick,Schumacher,haas,Haas F1 Team
2022,1,4,13,1:32.239,1:32.008,,norris,4,NOR,Lando,Norris,mclaren,McLaren
2022,1,23,14,1:32.726,1:32.664,,albon,23,ALB,Alexander,Albon,williams,Williams
2022,1,24,15,1:32.493,1:33.543,,zhou,24,ZHO,Guanyu,Zhou,alfa,Alfa Romeo
2022,1,22,16,1:32.750,,,tsunoda,22,TSU,Yuki,Tsunoda,alphatauri,AlphaTauri
2022,1,27,17,1:32.777,,,hulkenberg,27,HUL,Nico,Hülkenberg,aston_martin,Aston Martin
2022,1,3,18,1:32.945,,,ricciardo,3,RIC,Daniel,Ricciardo,mclaren,McLaren
2022,1,18,19,1:33.032,,,stroll,18,STR,Lance,Stroll,aston_martin,Aston Martin
2022,1,6,20,1:33.634,,,latifi,6,LAT,Nicholas,Latifi,williams,Williams
2022,10,55,1,1:40.190,1:41.602,1:40.983,sainz,55,SAI,Carlos,Sainz,ferrari,Ferrari
2022,10,1,2,1:39.129,1:40.655,1:41.055,max_verstappen,33,VER,Max,Verstappen,red_bull,Red Bull
2022,10,16,3,1:39.846,1:41.247,1:41.298,leclerc,16,LEC,Charles,Leclerc,ferrari,Ferrari
2022,10,11,4,1:40.521,1:42.513,1:41.616,perez,11,PER,Sergio,Pérez,red_bull,Red Bull
2022,10,44,5,1:40.428,1:41.062,1:41.995,hamilton,44,HAM,Lewis,Hamilton,mercedes,Mercedes
2022,10,4,6,1:41.515,1:41.821,1:42.084,norris,4,NOR,Lando,Norris,mclaren,McLaren
2022,10,14,7,1:41.598,1:42.209,1:42.116,alonso,14,ALO,Fernando,Alonso,alpine,Alpine F1 Team
2022,10,63,8,1:40.028,1:41.725,1:42.161,russell,63,RUS,George,Russell,mercedes,Mercedes
2022,10,24,9,1:40.791,1:42.640,1:42.719,zhou,24,ZHO,Guanyu,Zhou,alfa,Alfa Romeo
2022,10,6,10,1:41.998,1:43.273,2:03.095,latifi,6,LAT,Nicholas,Latifi,williams,Williams
2022,10,10,11,1:41.680,1:43.702,,gasly,10,GAS,Pierre,Gasly,alphatauri,AlphaTauri
2022,10,77,12,1:41.396,1:44.232,,bottas,77,BOT,Valtteri,Bottas,alfa,Alfa Romeo
2022,10,22,13,1:41.893,1:44.311,,tsunoda,22,TSU,Yuki,Tsunoda,alphatauri,AlphaTauri
2022,10,3,14,1:41.933,1:44.355,,ricciardo,3,RIC,Daniel,Ricciardo,mclaren,McLaren
2022,10,31,15,1:41.730,1:45.190,,ocon,31,OCO,Esteban,Ocon,alpine,Alpine F1 Team
2022,10,23,16,1:42.078,,,albon,23,ALB,Alexander,Albon,williams,Williams
2022,10,20,17,1:42.159,,,kevin_magnussen,20,MAG,Kevin,Magnussen,haas,Haas F1 Team
2022,10,5,18,1:42.666,,,vettel,5,VET,Sebastian,Vettel,aston_martin,Aston Martin
2022,10,47,19,1:42.708,,,mick_schumacher,47,MSC,Mick,Schumacher,haas,Haas F1 Team
2022,10,18,20,1:43.430,,,stroll,18,STR,Lance,Stroll,aston_martin,Aston Martin
2022,11,1,1,1:05.852,1:05.374,1:04.984,max_verstappen,33,VER,Max,Verstappen,red_bull,Red Bull
2022,11,16,2,1:05.419,1:05.287,1:05.013,leclerc,16,LEC,Charles,Leclerc,ferrari,Ferrari
2022,11,55,3,1:05.660,1:05.576,1:05.066,sainz,55,SAI,Carlos,Sainz,ferrari,Ferrari
2022,11,63,4,1:06.235,1:05.697,1:05.431,russell,63,RUS,George,Russell,mercedes,Mercedes
2022,11,31,5,1:06.468,1:05.993,1:05.726,ocon,31,OCO,Esteban,Ocon,alpine,Alpine F1 Team
2022,11,20,6,1:06.366,1:05.894,1:05.879,kevin_magnussen,20,MAG,Kevin,Magnussen,haas,Haas F1 Team
2022,11,47,7,1:06.405,1:06.151,1:06.011,mick_schumacher,47,MSC,Mick,Schumacher,haas,Haas F1 Team
2022,11,14,8,1:06.016,1:06.082,1:06.103,alonso,14,ALO,Fernando,Alonso,alpine,Alpine F1 Team
2022,11,44,9,1:06.079,1:05.475,1:13.151,hamilton,44,HAM,Lewis,Hamilton,mercedes,Mercedes
2022,11,10,10,1:06.589,1:06.160,,gasly,10,GAS,Pierre,Gasly,alphatauri,AlphaTauri
2022,11,23,11,1:06.516,1:06.230,,albon,23,ALB,Alexander,Albon,williams,Williams
2022,11,77,12,1:06.442,1:06.319,,bottas,77,BOT,Valtteri,Bottas,alfa,Alfa Romeo
2022,11,11,13,1:06.143,1:06.458,,perez,11,PER,Sergio,Pérez,red_bull,Red Bull
2022,11,22,14,1:06.463,1:06.851,,tsunoda,22,TSU,Yuki,Tsunoda,alphatauri,AlphaTauri
2022,11,4,15,1:06.330,1:25.847,,norris,4,NOR,Lando,Norris,mclaren,McLaren
2022,11,3,16,1:06.613,,,ricciardo,3,RIC,Daniel,Ricciardo,mclaren,McLaren
2022,11,18,17,1:06.847,,,stroll,18,STR,Lance,Stroll,aston_martin,Aston Martin
2022,11,24,18,1:06.901,,,zhou,24,ZHO,Guanyu,Zhou,alfa,Alfa Romeo
2022,11,6,19,1:07.003,,,latifi,6,LAT,Nicholas,Latifi,williams,Williams
2022,11,5,20,1:07.083,,,vettel,5,VET,Sebastian,Vettel,aston_martin,Aston Martin
2022,12,16,1,1:31.727,1:31.216,1:30.872,leclerc,16,LEC,Charles,Leclerc,ferrari,Ferrari
2022,12,1,2,1:31.891,1:31.990,1:31.176,max_verstappen,33,VER,Max,Verstappen,red_bull,Red Bull
2022,12,11,3,1:32.354,1:32.120,1:31.335,perez,11,PER,Sergio,Pérez,red_bull,Red Bull
2022,12,44,4,1:33.041,1:32.274,1:31.765,hamilton,44,HAM,Lewis,Hamilton,mercedes,Mercedes
2022,12,4,5,1:32.672,1:32.777,1:32.032,norris,4,NOR,Lando,Norris,mclaren,McLaren
2022,12,63,6,1:33.109,1:32.633,1:32.131,russell,63,RUS,George,Russell,mercedes,Mercedes
2022,12,14,7,1:32.819,1:32.631,1:32.552,alonso,14,ALO,Fernando,Alonso,alpine,Alpine F1 Team
2022,12,22,8,1:33.394,1:32.836,1:32.780,tsunoda,22,TSU,Yuki,Tsunoda,alphatauri,AlphaTauri
2022,12,55,9,1:32.297,1:31.081,,sainz,55,SAI,Carlos,Sainz,ferrari,Ferrari
2022,12,20,10,1:32.756,1:32.649,,kevin_magnussen,20,MAG,Kevin,Magnussen,haas,Haas F1 Team
2022,12,3,11,1:33.404,1:32.922,,ricciardo,3,RIC,Daniel,Ricciardo,mclaren,McLaren
2022,12,31,12,1:33.346,1:33.048,,ocon,31,OCO,Esteban,Ocon,alpine,Alpine F1 Team
2022,12,77,13,1:33.034,1:33.052,,bottas,77,BOT,Valtteri,Bottas,alfa,Alfa Romeo
2022,12,5,14,1:33.285,1:33.276,,vettel,5,VET,Sebastian,Vettel,aston_martin,Aston Martin
2022,12,23,15,1:33.423,1:33.307,,albon,23,ALB,Alexander,Albon,williams,Williams
2022,12,10,16,1:33.439,,,gasly,10,GAS,Pierre,Gasly,alphatauri,AlphaTauri
2022,12,18,17,1:33.439,,,stroll,18,STR,Lance,Stroll,aston_martin,Aston Martin
2022,12,24,18,1:33.674,,,zhou,24,ZHO,Guanyu,Zhou,alfa,Alfa Romeo
2022,12,47,19,1:33.701,,,mick_schumacher,47,MSC,Mick,Schumacher,haas,Haas F1 Team
2022,12,6,20,1:33.794,,,latifi,6,LAT,Nicholas,Latifi,williams,Williams
2022,13,63,1,1:18.407,1:18.154,1:17.377,russell,63,RUS,George,Russell,mercedes,Mercedes
2022,13,55,2,1:18.434,1:17.946,1:17.421,sainz,55,SAI,Carlos,Sainz,ferrari,Ferrari
2022,13,16,3,1:18.806,1:17.768,1:17.567,leclerc,16,LEC,Charles,Leclerc,ferrari,Ferrari
2022,13,4,4,1:18.653,1:18.121,1:17.769,norris,4,NOR,Lando,Norris,mclaren,McLaren
2022,13,31,5,1:18.866,1:18.216,1:18.018,ocon,31,OCO,Esteban,Ocon,alpine,Alpine F1 Team
2022,13,14,6,1:18.716,1:17.904,1:18.078,alonso,14,ALO,Fernando,Alonso,alpine,Alpine F1 Team
2022,13,44,7,1:18.374,1:18.035,1:18.142,hamilton,44,HAM,Lewis,Hamilton,mercedes,Mercedes
2022,13,77,8,1:18.935,1:18.445,1:18.157,bottas,77,BOT,Valtteri,Bottas,alfa,Alfa Romeo
2022,13,3,9,1:18.775,1:18.198,1:18.379,ricciardo,3,RIC,Daniel,Ricciardo,mclaren,McLaren
2022,13,1,10,1:18.509,1:17.703,1:18.823,max_verstappen,33,VER,Max,Verstappen,red_bull,Red Bull
2022,13,11,11,1:19.118,1:18.516,,perez,11,PER,Sergio,Pérez,red_bull,Red Bull
2022,13,24,12,1:18.973,1:18.573,,zhou,24,ZHO,Guanyu,Zhou,alfa,Alfa Romeo
2022,13,20,13,1:18.993,1:18.825,,kevin_magnussen,20,MAG,Kevin,Magnussen,haas,Haas F1 Team
2022,13,18,14,1:19.205,1:19.137,,stroll,18,STR,Lance,Stroll,aston_martin,Aston Martin
2022,13,47,15,1:19.164,1:19.202,,mick_schumacher,47,MSC,Mick,Schumacher,haas,Haas F1 Team
2022,13,22,16,1:19.240,,,tsunoda,22,TSU,Yuki,Tsunoda,alphatauri,AlphaTauri
2022,13,23,17,1:19.256,,,albon,23,ALB,Alexander,Albon,williams,Williams
2022,13,5,18,1:19.273,,,vettel,5,VET,Sebastian,Vettel,aston_martin,Aston Martin
2022,13,10,19,1:19.527,,,gasly,10,GAS,Pierre,Gasly,alphatauri,AlphaTauri
2022,13,6,20,1:19.570,,,latifi,6,LAT,Nicholas,Latifi,williams,Williams
2022,2,11,1,1:29.705,1:28.924,1:28.200,perez,11,PER,Sergio,Pérez,red_bull,Red Bull
2022,2,16,2,1:29.039,1:28.780,1:28.225,leclerc,16,LEC,Charles,Leclerc,ferrari,Ferrari
2022,2,55,3,1:28.855,1:28.686,1:28.402,sainz,55,SAI,Carlos,Sainz,ferrari,Ferrari
2022,2,1,4,1:28.928,1:28.945,1:28.461,max_verstappen,33,VER,Max,Verstappen,red_bull,Red Bull
2022,2,31,5,1:30.093,1:29.584,1:29.068,ocon,31,OCO,Esteban,Ocon,alpine,Alpine F1 Team
2022,2,63,6,1:29.680,1:29.618,1:29.104,russell,63,RUS,George,Russell,mercedes,Mercedes
2022,2,14,7,1:29.978,1:29.295,1:29.147,alonso,14,ALO,Fernando,Alonso,alpine,Alpine F1 Team
2022,2,77,8,1:29.683,1:29.404,1:29.183,bottas,77,BOT,Valtteri,Bottas,alfa,Alfa Romeo
2022,2,10,9,1:29.891,1:29.418,1:29.254,gasly,10,GAS,Pierre,Gasly,alphatauri,AlphaTauri
2022,2,20,10,1:29.831,1:29.546,1:29.588,kevin_magnussen,20,MAG,Kevin,Magnussen,haas,Haas F1 Team
2022,2,4,11,1:29.957,1:29.651,,norris,4,NOR,Lando,Norris,mclaren,McLaren
2022,2,3,12,1:30.009,1:29.773,,ricciardo,3,RIC,Daniel,Ricciardo,mclaren,McLaren
2022,2,24,13,1:29.978,1:29.819,,zhou,24,ZHO,Guanyu,Zhou,alfa,Alfa Romeo
2022,2,47,14,1:30.167,1:29.920,,mick_schumacher,47,MSC,Mick,Schumacher,haas,Haas F1 Team
2022,2,18,15,1:30.256,1:31.009,,stroll,18,STR,Lance,Stroll,aston_martin,Aston Martin
2022,2,44,16,1:30.343,,,hamilton,44,HAM,Lewis,Hamilton,mercedes,Mercedes
2022,2,23,17,1:30.492,,,albon,23,ALB,Alexander,Albon,williams,Williams
2022,2,27,18,1:30.543,,,hulkenberg,27,HUL,Nico,Hülkenberg,aston_martin,Aston Martin
2022,2,6,19,1:31.817,,,latifi,6,LAT,Nicholas,Latifi,williams,Williams
2022,2,22,20,,,,tsunoda,22,TSU,Yuki,Tsunoda,alphatauri,AlphaTauri
2022,3,16,1,1:18.881,1:18.606,1:17.868,leclerc,16,LEC,Charles,Leclerc,ferrari,Ferrari
2022,3,1,2,1:18.580,1:18.611,1:18.154,max_verstappen,33,VER,Max,Verstappen,red_bull,Red Bull
2022,3,11,3,1:18.834,1:18.340,1:18.240,perez,11,PER,Sergio,Pérez,red_bull,Red Bull
2022,3,4,4,1:19.280,1:19.066,1:18.703,norris,4,NOR,Lando,Norris,mclaren,McLaren
2022,3,44,5,1:19.401,1:19.106,1:18.825,hamilton,44,HAM,Lewis,Hamilton,mercedes,Mercedes
2022,3,63,6,1:19.405,1:19.076,1:18.933,russell,63,RUS,George,Russell,mercedes,Mercedes
2022,3,3,7,1:19.665,1:19.130,1:19.032,ricciardo,3,RIC,Daniel,Ricciardo,mclaren,McLaren
2022,3,31,8,1:19.605,1:19.136,1:19.061,ocon,31,OCO,Esteban,Ocon,alpine,Alpine F1 Team
2022,3,55,9,1:18.983,1:18.469,1:19.408,sainz,55,SAI,Carlos,Sainz,ferrari,Ferrari
2022,3,14,10,1:19.192,1:18.815,,alonso,14,ALO,Fernando,Alonso,alpine,Alpine F1 Team
2022,3,10,11,1:19.580,1:19.226,,gasly,10,GAS,Pierre,Gasly,alphatauri,AlphaTauri
2022,3,77,12,1:19.251,1:19.410,,bottas,77,BOT,Valtteri,Bottas,alfa,Alfa Romeo
2022,3,22,13,1:19.742,1:19.424,,tsunoda,22,TSU,Yuki,Tsunoda,alphatauri,AlphaTauri
2022,3,24,14,1:19.910,1:20.155,,zhou,24,ZHO,Guanyu,Zhou,alfa,Alfa Romeo
2022,3,47,15,1:20.104,1:20.465,,mick_schumacher,47,MSC,Mick,Schumacher,haas,Haas F1 Team
2022,3,23,16,1:20.135,,,albon,23,ALB,Alexander,Albon,williams,Williams
2022,3,20,17,1:20.254,,,kevin_magnussen,20,MAG,Kevin,Magnussen,haas,Haas F1 Team
2022,3,5,18,1:21.149,,,vettel,5,VET,Sebastian,Vettel,aston_martin,Aston Martin
2022,3,6,19,1:21.372,,,latifi,6,LAT,Nicholas,Latifi,williams,Williams
2022,3,18,20,,,,stroll,18,STR,Lance,Stroll,aston_martin,Aston Martin
2022,4,1,1,1:19.295,1:18.793,1:27.999,max_verstappen,33,VER,Max,Verstappen,red_bull,Red Bull
2022,4,16,2,1:18.796,1:19.584,1:28.778,leclerc,16,LEC,Charles,Leclerc,ferrari,Ferrari
2022,4,4,3,1:20.168,1:19.294,1:29.131,norris,4,NOR,Lando,Norris,mclaren,McLaren
2022,4,20,4,1:20.147,1:19.902,1:29.164,kevin_magnussen,20,MAG,Kevin,Magnussen,haas,Haas F1 Team
2022,4,14,5,1:20.198,1:19.595,1:29.202,alonso,14,ALO,Fernando,Alonso,alpine,Alpine F1 Team
2022,4,3,6,1:19.980,1:20.031,1:29.742,ricciardo,3,RIC,Daniel,Ricciardo,mclaren,McLaren
2022,4,11,7,1:19.773,1:19.296,1:29.808,perez,11,PER,Sergio,Pérez,red_bull,Red Bull
2022,4,77,8,1:20.419,1:20.192,1:30.439,bottas,77,BOT,Valtteri,Bottas,alfa,Alfa Romeo
2022,4,5,9,1:20.364,1:19.957,1:31.062,vettel,5,VET,Sebastian,Vettel,aston_martin,Aston Martin
2022,4,55,10,1:19.305,1:18.990,,sainz,55,SAI,Carlos,Sainz,ferrari,Ferrari
2022,4,63,11,1:20.383,1:20.757,,russell,63,RUS,George,Russell,mercedes,Mercedes
2022,4,47,12,1:20.422,1:20.916,,mick_schumacher,47,MSC,Mick,Schumacher,haas,Haas F1 Team
2022,4,44,13,1:20.470,1:21.138,,hamilton,44,HAM,Lewis,Hamilton,mercedes,Mercedes
2022,4,24,14,1:19.730,1:21.434,,zhou,24,ZHO,Guanyu,Zhou,alfa,Alfa Romeo
2022,4,18,15,1:20.342,1:28.119,,stroll,18,STR,Lance,Stroll,aston_martin,Aston Martin
2022,4,22,16,1:20.474,,,tsunoda,22,TSU,Yuki,Tsunoda,alphatauri,AlphaTauri
2022,4,10,17,1:20.732,,,gasly,10,GAS,Pierre,Gasly,alphatauri,AlphaTauri
2022,4,6,18,1:21.971,,,latifi,6,LAT,Nicholas,Latifi,williams,Williams
2022,4,31,19,1:22.338,,,ocon,31,OCO,Esteban,Ocon,alpine,Alpine F1 Team
2022,4,23,20,,,,albon,23,ALB,Alexander,Albon,williams,Williams
2022,5,16,1,1:29.474,1:29.130,1:28.796,leclerc,16,LEC,Charles,Leclerc,ferrari,Ferrari
2022,5,55,2,1:30.079,1:29.729,1:28.986,sainz,55,SAI,Carlos,Sainz,ferrari,Ferrari
2022,5,1,3,1:29.836,1:29.202,1:28.991,max_verstappen,33,VER,Max,Verstappen,red_bull,Red Bull
2022,5,11,4,1:30.055,1:29.673,1:29.036,perez,11,PER,Sergio,Pérez,red_bull,Red Bull
2022,5,77,5,1:30.845,1:29.751,1:29.475,bottas,77,BOT,Valtteri,Bottas,alfa,Alfa Romeo
2022,5,44,6,1:30.388,1:29.797,1:29.625,hamilton,44,HAM,Lewis,Hamilton,mercedes,Mercedes
2022,5,10,7,1:30.779,1:30.128,1:29.690,gasly,10,GAS,Pierre,Gasly,alphatauri,AlphaTauri
2022,5,4,8,1:30.761,1:29.634,1:29.750,norris,4,NOR,Lando,Norris,mclaren,McLaren
2022,5,22,9,1:30.485,1:30.031,1:29.932,tsunoda,22,TSU,Yuki,Tsunoda,alphatauri,AlphaTauri
2022,5,18,10,1:30.441,1:29.996,1:30.676,stroll,18,STR,Lance,Stroll,aston_martin,Aston Martin
2022,5,14,11,1:30.407,1:30.160,,alonso,14,ALO,Fernando,Alonso,alpine,Alpine F1 Team
2022,5,63,12,1:30.490,1:30.173,,russell,63,RUS,George,Russell,mercedes,Mercedes
2022,5,5,13,1:30.677,1:30.214,,vettel,5,VET,Sebastian,Vettel,aston_martin,Aston Martin
2022,5,3,14,1:30.583,1:30.310,,ricciardo,3,RIC,Daniel,Ricciardo,mclaren,McLaren
2022,5,47,15,1:30.645,1:30.423,,mick_schumacher,47,MSC,Mick,Schumacher,haas,Haas F1 Team
2022,5,20,16,1:30.975,,,kevin_magnussen,20,MAG,Kevin,Magnussen,haas,Haas F1 Team
2022,5,24,17,1:31.020,,,zhou,24,ZHO,Guanyu,Zhou,alfa,Alfa Romeo
2022,5,23,18,1:31.266,,,albon,23,ALB,Alexander,Albon,williams,Williams
2022,5,6,19,1:31.325,,,latifi,6,LAT,Nicholas,Latifi,williams,Williams
2022,5,31,20,,,,ocon,31,OCO,Esteban,Ocon,alpine,Alpine F1 Team
2022,6,16,1,1:19.861,1:19.969,1:18.750,leclerc,16,LEC,Charles,Leclerc,ferrari,Ferrari
2022,6,1,2,1:20.091,1:19.219,1:19.073,max_verstappen,33,VER,Max,Verstappen,red_bull,Red Bull
2022,6,55,3,1:19.892,1:19.453,1:19.166,sainz,55,SAI,Carlos,Sainz,ferrari,Ferrari
2022,6,63,4,1:20.218,1:19.470,1:19.393,russell,63,RUS,George,Russell,mercedes,Mercedes
2022,6,11,5,1:20.447,1:19.830,1:19.420,perez,11,PER,Sergio,Pérez,red_bull,Red Bull
2022,6,44,6,1:20.252,1:19.794,1:19.512,hamilton,44,HAM,Lewis,Hamilton,mercedes,Mercedes
2022,6,77,7,1:20.355,1:20.053,1:19.608,bottas,77,BOT,Valtteri,Bottas,alfa,Alfa Romeo
2022,6,20,8,1:20.227,1:19.810,1:19.682,kevin_magnussen,20,MAG,Kevin,Magnussen,haas,Haas F1 Team
2022,6,3,9,1:20.549,1:20.287,1:20.297,ricciardo,3,RIC,Daniel,Ricciardo,mclaren,McLaren
2022,6,47,10,1:20.683,1:20.436,1:20.638,mick_schumacher,47,MSC,Mick,Schumacher,haas,Haas F1 Team
2022,6,4,11,1:20.838,1:20.471,,norris,4,NOR,Lando,Norris,mclaren,McLaren
2022,6,31,12,1:20.880,1:20.638,,ocon,31,OCO,Esteban,Ocon,alpine,Alpine F1 Team
2022,6,22,13,1:20.707,1:20.639,,tsunoda,22,TSU,Yuki,Tsunoda,alphatauri,AlphaTauri
2022,6,10,14,1:20.719,1:20.861,,gasly,10,GAS,Pierre,Gasly,alphatauri,AlphaTauri
2022,6,24,15,1:20.476,1:21.094,,zhou,24,ZHO,Guanyu,Zhou,alfa,Alfa Romeo
2022,6,5,16,1:20.954,,,vettel,5,VET,Sebastian,Vettel,aston_martin,Aston Martin
2022,6,14,17,1:21.043,,,alonso,14,ALO,Fernando,Alonso,alpine,Alpine F1 Team
2022,6,18,18,1:21.418,,,stroll,18,STR,Lance,Stroll,aston_martin,Aston Martin
2022,6,23,19,1:21.645,,,albon,23,ALB,Alexander,Albon,williams,Williams
2022,6,6,20,1:21.915,,,latifi,6,LAT,Nicholas,Latifi,williams,Williams
2022,7,16,1,1:12.569,1:11.864,1:11.376,leclerc,16,LEC,Charles,Leclerc,ferrari,Ferrari
2022,7,55,2,1:12.616,1:12.074,1:11.601,sainz,55,SAI,Carlos,Sainz,ferrari,Ferrari
2022,7,11,3,1:13.004,1:11.954,1:11.629,perez,11,PER,Sergio,Pérez,red_bull,Red Bull
2022,7,1,4,1:12.993,1:12.117,1:11.666,max_verstappen,33,VER,Max,Verstappen,red_bull,Red Bull
2022,7,4,5,1:12.927,1:12.266,1:11.849,norris,4,NOR,Lando,Norris,mclaren,McLaren
2022,7,63,6,1:12.787,1:12.617,1:12.112,russell,63,RUS,George,Russell,mercedes,Mercedes
2022,7,14,7,1:13.394,1:12.688,1:12.247,alonso,14,ALO,Fernando,Alonso,alpine,Alpine F1 Team
2022,7,44,8,1:13.444,1:12.595,1:12.560,hamilton,44,HAM,Lewis,Hamilton,mercedes,Mercedes
2022,7,5,9,1:13.313,1:12.613,1:12.732,vettel,5,VET,Sebastian,Vettel,aston_martin,Aston Martin
2022,7,31,10,1:12.848,1:12.528,1:13.047,ocon,31,OCO,Esteban,Ocon,alpine,Alpine F1 Team
2022,7,22,11,1:13.110,1:12.797,,tsunoda,22,TSU,Yuki,Tsunoda,alphatauri,AlphaTauri
2022,7,77,12,1:13.541,1:12.909,,bottas,77,BOT,Valtteri,Bottas,alfa,Alfa Romeo
2022,7,20,13,1:13.069,1:12.921,,kevin_magnussen,20,MAG,Kevin,Magnussen,haas,Haas F1 Team
2022,7,3,14,1:13.338,1:12.964,,ricciardo,3,RIC,Daniel,Ricciardo,mclaren,McLaren
2022,7,47,15,1:13.469,1:13.081,,mick_schumacher,47,MSC,Mick,Schumacher,haas,Haas F1 Team
2022,7,23,16,1:13.611,,,albon,23,ALB,Alexander,Albon,williams,Williams
2022,7,10,17,1:13.660,,,gasly,10,GAS,Pierre,Gasly,alphatauri,AlphaTauri
2022,7,18,18,1:13.678,,,stroll,18,STR,Lance,Stroll,aston_martin,Aston Martin
2022,7,6,19,1:14.403,,,latifi,6,LAT,Nicholas,Latifi,williams,Williams
2022,7,24,20,1:15.606,,,zhou,24,ZHO,Guanyu,Zhou,alfa,Alfa Romeo
2022,8,16,1,1:42.865,1:42.046,1:41.359,leclerc,16,LEC,Charles,Leclerc,ferrari,Ferrari
2022,8,11,2,1:42.733,1:41.955,1:41.641,perez,11,PER,Sergio,Pérez,red_bull,Red Bull
2022,8,1,3,1:42.722,1:42.227,1:41.706,max_verstappen,33,VER,Max,Verstappen,red_bull,Red Bull
2022,8,55,4,1:42.957,1:42.088,1:41.814,sainz,55,SAI,Carlos,Sainz,ferrari,Ferrari
2022,8,63,5,1:43.754,1:43.281,1:42.712,russell,63,RUS,George,Russell,mercedes,Mercedes
2022,8,10,6,1:43.268,1:43.129,1:42.845,gasly,10,GAS,Pierre,Gasly,alphatauri,AlphaTauri
2022,8,44,7,1:43.939,1:43.182,1:42.924,hamilton,44,HAM,Lewis,Hamilton,mercedes,Mercedes
2022,8,22,8,1:43.595,1:43.376,1:43.056,tsunoda,22,TSU,Yuki,Tsunoda,alphatauri,AlphaTauri
2022,8,5,9,1:43.279,1:43.268,1:43.091,vettel,5,VET,Sebastian,Vettel,aston_martin,Aston Martin
2022,8,14,10,1:44.083,1:43.360,1:43.173,alonso,14,ALO,Fernando,Alonso,alpine,Alpine F1 Team
2022,8,4,11,1:44.237,1:43.398,,norris,4,NOR,Lando,Norris,mclaren,McLaren
2022,8,3,12,1:44.437,1:43.574,,ricciardo,3,RIC,Daniel,Ricciardo,mclaren,McLaren
2022,8,31,13,1:43.903,1:43.585,,ocon,31,OCO,Esteban,Ocon,alpine,Alpine F1 Team
2022,8,24,14,1:43.777,1:43.790,,zhou,24,ZHO,Guanyu,Zhou,alfa,Alfa Romeo
2022,8,77,15,1:44.478,1:44.444,,bottas,77,BOT,Valtteri,Bottas,alfa,Alfa Romeo
2022,8,20,16,1:44.643,,,kevin_magnussen,20,MAG,Kevin,Magnussen,haas,Haas F1 Team
2022,8,23,17,1:44.719,,,albon,23,ALB,Alexander,Albon,williams,Williams
2022,8,6,18,1:45.367,,,latifi,6,LAT,Nicholas,Latifi,williams,Williams
2022,8,18,19,1:45.371,,,stroll,18,STR,Lance,Stroll,aston_martin,Aston Martin
2022,8,47,20,1:45.775,,,mick_schumacher,47,MSC,Mick,Schumacher,haas,Haas F1 Team
2022,9,1,1,1:32.219,1:23.746,1:21.299,max_verstappen,33,VER,Max,Verstappen,red_bull,Red Bull
2022,9,14,2,1:32.277,1:24.848,1:21.944,alonso,14,ALO,Fernando,Alonso,alpine,Alpine F1 Team
2022,9,55,3,1:32.781,1:25.197,1:22.096,sainz,55,SAI,Carlos,Sainz,ferrari,Ferrari
2022,9,44,4,1:33.841,1:25.543,1:22.891,hamilton,44,HAM,Lewis,Hamilton,mercedes,Mercedes
2022,9,20,5,1:32.957,1:26.254,1:22.960,kevin_magnussen,20,MAG,Kevin,Magnussen,haas,Haas F1 Team
2022,9,47,6,1:33.707,1:25.684,1:23.356,mick_schumacher,47,MSC,Mick,Schumacher,haas,Haas F1 Team
2022,9,31,7,1:33.012,1:26.135,1:23.529,ocon,31,OCO,Esteban,Ocon,alpine,Alpine F1 Team
2022,9,63,8,1:33.160,1:24.950,1:23.557,russell,63,RUS,George,Russell,mercedes,Mercedes
2022,9,3,9,1:33.636,1:26.375,1:23.749,ricciardo,3,RIC,Daniel,Ricciardo,mclaren,McLaren
2022,9,24,10,1:33.692,1:26.116,1:24.030,zhou,24,ZHO,Guanyu,Zhou,alfa,Alfa Romeo
2022,9,77,11,1:33.689,1:26.788,,bottas,77,BOT,Valtteri,Bottas,alfa,Alfa Romeo
2022,9,23,12,1:34.047,1:26.858,,albon,23,ALB,Alexander,Albon,williams,Williams
2022,9,11,13,1:33.929,1:33.127,,perez,11,PER,Sergio,Pérez,red_bull,Red Bull
2022,9,4,14,1:34.066,,,norris,4,NOR,Lando,Norris,mclaren,McLaren
2022,9,16,15,1:33.008,,,leclerc,16,LEC,Charles,Leclerc,ferrari,Ferrari
2022,9,10,16,1:34.492,,,gasly,10,GAS,Pierre,Gasly,alphatauri,AlphaTauri
2022,9,5,17,1:34.512,,,vettel,5,VET,Sebastian,Vettel,aston_martin,Aston Martin
2022,9,18,18,1:35.532,,,stroll,18,STR,Lance,Stroll,aston_martin,Aston Martin
2022,9,6,19,1:35.660,,,latifi,6,LAT,Nicholas,Latifi,williams,Williams
2022,9,22,20,1:36.575,,,tsunoda,22,TSU,Yuki,Tsunoda,alphatauri,AlphaTauri
